smiles,SubstructureMatches,Min_N_O_filter,Frac_N_O,Covalent,SpecialMol,SeverityScore,SeverityComment
NC[C@H](CC(=O)O)c1ccc(Cl)cc1,no match,no match,0.21428571428571427,0,0,0,CLEAR
CN(C)CC[C@@H](c1ccc(Br)cc1)c1ccccn1,no match,no match,0.10526315789473684,0,0,0,CLEAR
CN(C)CCO[C@@H](c1ccc(Cl)cc1)c1ccccn1,no match,no match,0.15,0,0,0,CLEAR
CC(C)(C)NC[C@@H](O)COc1cccc2c1CCC(=O)N2,no match,no match,0.23809523809523808,0,0,0,CLEAR
CN(C)CCOC(=O)[C@H](c1ccccc1)C1(O)CCCC1,no match,no match,0.19047619047619047,0,0,0,CLEAR
CCN(CC)[C@@H](C)C(=O)c1ccccc1,no match,no match,0.13333333333333333,0,0,0,CLEAR
CN(C)CCO[C@@](C)(c1ccccc1)c1ccccn1,no match,no match,0.15,0,0,0,CLEAR
COC(=O)CCc1ccc(OC[C@H](O)CNC(C)C)cc1,no match,no match,0.23809523809523808,0,0,0,CLEAR
C[C@H](C(=O)O)c1cccc(Oc2ccccc2)c1,no match,no match,0.16666666666666666,0,0,0,CLEAR
C[C@H](C(=O)O)c1ccc(-c2ccccc2)c(F)c1,no match,no match,0.1111111111111111,0,0,0,CLEAR
CN1[C@H]2CCC[C@@H]1CC(NC(=O)c1nn(C)c3ccccc13)C2,no match,no match,0.21739130434782608,0,0,0,CLEAR
COc1ccccc1OC[C@H](O)CO,no match,no match,0.2857142857142857,0,0,0,CLEAR
C[C@@H](N)Cc1ccc(O)cc1,no match,no match,0.18181818181818182,0,0,0,CLEAR
C[C@H](CCc1ccccc1)NC[C@@H](O)c1ccc(O)c(C(N)=O)c1,no match,no match,0.20833333333333334,0,0,0,CLEAR
Cc1cccc(C)c1NC(=O)[C@H]1CCCCN1C,no match,no match,0.16666666666666666,0,0,0,CLEAR
Cc1cc(C)cc(OC[C@H]2CNC(=O)O2)c1,no match,no match,0.25,0,0,0,CLEAR
COC(=O)c1ccccc1O,no match,no match,0.2727272727272727,0,0,0,CLEAR
CCN(CC)C(=O)[C@@]1(c2ccccc2)C[C@H]1CN,no match,no match,0.16666666666666666,0,0,0,CLEAR
COc1ccc(OC)c([C@H](O)CNC(=O)CN)c1,no match,no match,0.3333333333333333,0,0,0,CLEAR
CN1CCN2c3ncccc3Cc3ccccc3[C@@H]2C1,no match,no match,0.15,0,0,0,CLEAR
Cc1ccccc1[C@H](OCCN(C)C)c1ccccc1,no match,no match,0.1,0,0,0,CLEAR
CC(C)=CCN1CC[C@@]2(C)c3cc(O)ccc3C[C@@H]1[C@@H]2C,no match,no match,0.09523809523809523,0,0,0,CLEAR
CN(C)CC[C@@H](c1ccccc1)c1ccccn1,no match,no match,0.1111111111111111,0,0,0,CLEAR
O=C(C1CCCCC1)N1CC(=O)N2CCc3ccccc3[C@@H]2C1,no match,no match,0.17391304347826086,0,0,0,CLEAR
COc1cc2c(cc1OC)[C@H]1CC(=O)[C@H](CC(C)C)CN1CC2,no match,no match,0.17391304347826086,0,0,0,CLEAR
COc1cccc([C@@]2(O)CCCC[C@@H]2CN(C)C)c1,no match,no match,0.15789473684210525,0,0,0,CLEAR
COc1ccc(C[C@H](C)NC[C@@H](O)c2ccc(O)c(NC=O)c2)cc1,no match,no match,0.24,0,0,0,CLEAR
Nc1ncnc2[nH]cnc12,no match,no match,0.5,0,0,0,CLEAR
Cc1nnc2n1-c1ccc(Cl)cc1C(c1ccccc1)=NC2,no match,no match,0.18181818181818182,0,0,0,CLEAR
CN(C)c1nc(N(C)C)nc(N(C)C)n1,no match,no match,0.4,0,0,0,CLEAR
Nc1ccc(C(=O)O)c(O)c1,no match,no match,0.36363636363636365,0,0,0,CLEAR
CC(C)(C#N)c1cc(Cn2cncn2)cc(C(C)(C)C#N)c1,no match,no match,0.22727272727272727,0,0,0,CLEAR
COc1ccc(C(=O)CC(=O)c2ccc(C(C)(C)C)cc2)cc1,no match,no match,0.13043478260869565,0,0,0,CLEAR
O=C(O)c1ccccc1,no match,no match,0.2222222222222222,0,0,0,CLEAR
Cn1c(=O)c2c(ncn2C)n(C)c1=O,no match,no match,0.42857142857142855,0,0,0,CLEAR
Cc1cc(O)cc(C)c1Cl,no match,no match,0.1,0,0,0,CLEAR
CN(C)CC/C=C1/c2ccccc2COc2ccccc21,no match,no match,0.09523809523809523,0,0,0,CLEAR
CN1C(=O)CC(=O)N(c2ccccc2)c2cc(Cl)ccc21,no match,no match,0.19047619047619047,0,0,0,CLEAR
Clc1ccc2c(c1)CCc1cccnc1C2=C1CCNCC1,no match,no match,0.09090909090909091,0,0,0,CLEAR
COC(=O)[C@H](c1ccccc1)[C@@H]1CCCCN1,no match,no match,0.17647058823529413,0,0,0,CLEAR
O=C(O)Cc1ccccc1Nc1c(Cl)cccc1Cl,no match,no match,0.15789473684210525,0,0,0,CLEAR
CC(C)c1cccc(C(C)C)c1NC(=O)CN(CC(=O)O)CC(=O)O,no match,no match,0.28,0,0,0,CLEAR
CN(C)CC/C=C1\c2ccccc2COc2ccccc21,no match,no match,0.09523809523809523,0,0,0,CLEAR
Clc1ccc2c(c1)C(c1ccccc1)=NCc1nncn1-2,no match,no match,0.19047619047619047,0,0,0,CLEAR
CCOC(=O)c1cncn1[C@H](C)c1ccccc1,no match,no match,0.2222222222222222,0,0,0,CLEAR
C=CCc1ccc(O)c(OC)c1,no match,no match,0.16666666666666666,0,0,0,CLEAR
CCOC(=O)c1ncn2c1CN(C)C(=O)c1cc(F)ccc1-2,no match,no match,0.2727272727272727,0,0,0,CLEAR
Nc1nc2c(ncn2COC(CO)CO)c(=O)[nH]1,no match,no match,0.5,0,0,0,CLEAR
O=C(O)c1ccccc1O,no match,no match,0.3,0,0,0,CLEAR
NCc1ccc(S(N)(=O)=O)cc1,no match,no match,0.3333333333333333,0,0,0,CLEAR
Cc1ccc(Cl)c(Nc2ccccc2C(=O)O)c1Cl,no match,no match,0.15789473684210525,0,0,0,CLEAR
CCOC(=O)C1(c2ccccc2)CCN(C)CC1,no match,no match,0.16666666666666666,0,0,0,CLEAR
COC(=O)c1cccnc1,no match,no match,0.3,0,0,0,CLEAR
CC(C)(C(=O)c1cccnc1)c1cccnc1,no match,no match,0.17647058823529413,0,0,0,CLEAR
COc1c(C)c2c(c(O)c1C/C=C(\C)CCC(=O)O)C(=O)OC2,no match,no match,0.2608695652173913,0,0,0,CLEAR
O=C1CC[C@@]2(O)[C@H]3Cc4ccc(O)c5c4[C@@]2(CCN3CC2CC2)[C@H]1O5,no match,no match,0.2,0,0,0,CLEAR
O=C(O)c1cccnc1,no match,no match,0.3333333333333333,0,0,0,CLEAR
CN1CCC[C@@H]1c1cccnc1,no match,no match,0.16666666666666666,0,0,0,CLEAR
CN(C)CC/C=C1/c2ccccc2COc2ccc(CC(=O)O)cc21,no match,no match,0.16,0,0,0,CLEAR
Nc1nc2c(ncn2CCC(CO)CO)c(=O)[nH]1,no match,no match,0.4444444444444444,0,0,0,CLEAR
CN(C)CCOc1ccccc1Cc1ccccc1,no match,no match,0.10526315789473684,0,0,0,CLEAR
Cc1ccc(=O)n(-c2ccccc2)c1,no match,no match,0.14285714285714285,0,0,0,CLEAR
CCC1(c2ccccc2)C(=O)NCNC1=O,no match,no match,0.25,0,0,0,CLEAR
CCCN(CCC)S(=O)(=O)c1ccc(C(=O)O)cc1,no match,no match,0.2631578947368421,0,0,0,CLEAR
CC(C)(Oc1ccc(C(=O)c2ccc(Cl)cc2)cc1)C(=O)O,no match,no match,0.18181818181818182,0,0,0,CLEAR
CCCN(CCC)CCc1cccc2c1CC(=O)N2,no match,no match,0.15789473684210525,0,0,0,CLEAR
CN(C)CCO[C@H](c1ccc(Cl)cc1)c1ccccn1,no match,no match,0.15,0,0,0,CLEAR
NC(=O)c1ccccc1O,no match,no match,0.3,0,0,0,CLEAR
Nc1ccc(S(N)(=O)=O)cc1,no match,no match,0.36363636363636365,0,0,0,CLEAR
CC(C)(C)NC[C@H](O)COc1nsnc1N1CCOCC1,no match,no match,0.3333333333333333,0,0,0,CLEAR
Cc1ccc(C(=O)c2ccc(CC(=O)O)n2C)cc1,no match,no match,0.21052631578947367,0,0,0,CLEAR
Cc1nnc2n1-c1ccc(Cl)cc1C(c1ccccc1Cl)=NC2,no match,no match,0.17391304347826086,0,0,0,CLEAR
C[C@@H](C(=O)O)c1cccc(C(=O)c2ccccc2)c1,no match,no match,0.15789473684210525,0,0,0,CLEAR
O=C(c1ccccc1)c1ccc2n1CC[C@H]2C(=O)O,no match,no match,0.21052631578947367,0,0,0,CLEAR
CN1C[C@@H]2c3ccccc3Oc3ccc(Cl)cc3[C@H]2C1,no match,no match,0.1,0,0,0,CLEAR
CC(C)Cc1ccc([C@H](C)C(=O)O)cc1,no match,no match,0.13333333333333333,0,0,0,CLEAR
O=C(OC1C[C@@H]2CC3C[C@H](C1)N2CC3=O)c1c[nH]c2ccccc12,no match,no match,0.20833333333333334,0,0,0,CLEAR
CCc1cccc2c3c([nH]c12)[C@@](CC)(CC(=O)O)OCC3,no match,no match,0.19047619047619047,0,0,0,CLEAR
Cc1ccc(-c2nc3ccc(C)cn3c2CC(=O)N(C)C)cc1,no match,no match,0.17391304347826086,0,0,0,CLEAR
OC(Cn1cncn1)(Cn1cncn1)c1ccc(F)cc1F,no match,no match,0.3181818181818182,0,0,0,CLEAR
CNS(=O)(=O)CCc1ccc2[nH]cc(C3CCN(C)CC3)c2c1,no match,no match,0.21739130434782608,0,0,0,CLEAR
CC(C)NC[C@@H](O)c1ccc(NS(C)(=O)=O)cc1,no match,no match,0.2777777777777778,0,0,0,CLEAR
C[C@H](CCc1ccccc1)NC[C@H](O)c1ccc(O)c(C(N)=O)c1,no match,no match,0.20833333333333334,0,0,0,CLEAR
NS(=O)(=O)Cc1noc2ccccc12,no match,no match,0.35714285714285715,0,0,0,CLEAR
CN1CCC(=C2c3ccccc3CC(=O)c3sccc32)CC1,no match,no match,0.09090909090909091,0,0,0,CLEAR
Cc1nccn1C[C@H]1CCc2c(c3ccccc3n2C)C1=O,no match,no match,0.18181818181818182,0,0,0,CLEAR
Cc1ccnc2c1NC(=O)c1cccnc1N2C1CC1,no match,no match,0.25,0,0,0,CLEAR
Cc1oncc1C(=O)Nc1ccc(C(F)(F)F)cc1,no match,no match,0.21052631578947367,0,0,0,CLEAR
CN1C[C@H]2c3ccccc3Oc3ccc(Cl)cc3[C@@H]2C1,no match,no match,0.1,0,0,0,CLEAR
NCC1(CC(=O)O)CCCCC1,no match,no match,0.25,0,0,0,CLEAR
CC(C)C[C@H](CN)CC(=O)O,no match,no match,0.2727272727272727,0,0,0,CLEAR
Cc1nc(-c2ccc(OCC(C)C)c(C#N)c2)sc1C(=O)O,no match,no match,0.22727272727272727,0,0,0,CLEAR
C[C@H](C(=O)O)c1cccc(C(=O)c2ccccc2)c1,no match,no match,0.15789473684210525,0,0,0,CLEAR
Cc1cccc(Nc2ccncc2S(=O)(=O)/N=C(\O)NC(C)C)c1,no match,no match,0.2916666666666667,0,0,0,CLEAR
NC(=O)c1cccnc1,no match,no match,0.3333333333333333,0,0,0,CLEAR
CN(C)CCc1c[nH]c2ccc(Cn3cncn3)cc12,no match,no match,0.25,0,0,0,CLEAR
COc1ccc([C@@H](CN(C)C)C2(O)CCCCC2)cc1,no match,no match,0.15,0,0,0,CLEAR
NC(=O)C[S@@](=O)C(c1ccccc1)c1ccccc1,no match,no match,0.15789473684210525,0,0,0,CLEAR
Cc1c(O)c(=O)ccn1C,no match,no match,0.3,0,0,0,CLEAR
C=C1CCN([C@H](C)[C@](O)(Cn2cncn2)c2ccc(F)cc2F)CC1,no match,no match,0.2,0,0,0,CLEAR
CCN(C(C)=O)c1cccc(-c2ccnc3c(C#N)cnn23)c1,no match,no match,0.2608695652173913,0,0,0,CLEAR
Nc1ccc(S(=O)(=O)c2ccc(N)cc2)cc1,no match,no match,0.23529411764705882,0,0,0,CLEAR
CN1C(=O)CN=C(c2ccccc2)c2cc(Cl)ccc21,no match,no match,0.15,0,0,0,CLEAR
Nc1nc2ccc(OC(F)(F)F)cc2s1,no match,no match,0.2,0,0,0,CLEAR
CC(C)(C)NC[C@H](O)c1ccc(O)c(CO)c1,no match,no match,0.23529411764705882,0,0,0,CLEAR
NC(=O)c1cn(Cc2c(F)cccc2F)nn1,no match,no match,0.29411764705882354,0,0,0,CLEAR
C[C@@H](C(=O)O)c1ccc(-c2ccccc2)c(F)c1,no match,no match,0.1111111111111111,0,0,0,CLEAR
CN(C)C[C@H](c1ccc(O)cc1)C1(O)CCCCC1,no match,no match,0.15789473684210525,0,0,0,CLEAR
CC(C)C1CCC(C(=O)N[C@H](Cc2ccccc2)C(=O)O)CC1,no match,no match,0.17391304347826086,0,0,0,CLEAR
C[C@@H]1O[C@@]2(CS1)CN1CCC2CC1,no match,no match,0.15384615384615385,0,0,0,CLEAR
C[C@H]1O[C@@]2(CS1)CN1CCC2CC1,no match,no match,0.15384615384615385,0,0,0,CLEAR
O=C(c1ccccc1)c1ccc2n1CC[C@@H]2C(=O)O,no match,no match,0.21052631578947367,0,0,0,CLEAR
Nc1ccn([C@@H]2CS[C@H](CO)O2)c(=O)n1,no match,no match,0.4,0,0,0,CLEAR
Nc1nnc(-c2cccc(Cl)c2Cl)c(N)n1,no match,no match,0.3125,0,0,0,CLEAR
CC(C)NC[C@@H](O)COc1ccc(CC(N)=O)cc1,no match,no match,0.2631578947368421,0,0,0,CLEAR
CCN(CC)C(=O)[C@]1(c2ccccc2)C[C@@H]1CN,no match,no match,0.16666666666666666,0,0,0,CLEAR
CN1C(=O)C[C@](C)(c2ccccc2)C1=O,no match,no match,0.2,0,0,0,CLEAR
CNS(=O)(=O)Cc1ccc2[nH]cc(CCN(C)C)c2c1,no match,no match,0.25,0,0,0,CLEAR
CN(C)CCc1c[nH]c2ccc(C[C@H]3COC(=O)N3)cc12,no match,no match,0.23809523809523808,0,0,0,CLEAR
CN(C)CCc1c[nH]c2ccc(CS(=O)(=O)N3CCCC3)cc12,no match,no match,0.21739130434782608,0,0,0,CLEAR
O=C(O)c1cn(C2CC2)c2cc(N3CCNCC3)c(F)cc2c1=O,no match,no match,0.25,0,0,0,CLEAR
COc1ccc2cc(CCC(C)=O)ccc2c1,no match,no match,0.11764705882352941,0,0,0,CLEAR
C[C@H](NC(C)(C)C)C(=O)c1cccc(Cl)c1,no match,no match,0.125,0,0,0,CLEAR
CC(C)(C)NC[C@@H](O)c1ccc(O)c(CO)c1,no match,no match,0.23529411764705882,0,0,0,CLEAR
CCN(CC)CC(=O)Nc1c(C)cccc1C,no match,no match,0.17647058823529413,0,0,0,CLEAR
CC(C)NC[C@@H](O)COc1cccc2ccccc12,no match,no match,0.15789473684210525,0,0,0,CLEAR
Cc1cccc(Nc2ccccc2C(=O)O)c1C,no match,no match,0.16666666666666666,0,0,0,CLEAR
O=C(O)c1cc(-c2ccc(F)cc2F)ccc1O,no match,no match,0.16666666666666666,0,0,0,CLEAR
CN(C)CCOC(c1ccccc1)c1ccccc1,no match,no match,0.10526315789473684,0,0,0,CLEAR
CN(C)CCCN1c2ccccc2CCc2ccccc21,no match,no match,0.09523809523809523,0,0,0,CLEAR
CN(C)CCCN1c2ccccc2CCc2ccc(Cl)cc21,no match,no match,0.09090909090909091,0,0,0,CLEAR
C[C@@H](CN1c2ccccc2Sc2ccccc21)N(C)C,no match,no match,0.1,0,0,0,CLEAR
Cc1cccc(C)c1OC[C@@H](C)N,no match,no match,0.15384615384615385,0,0,0,CLEAR
CN[C@@H](C)[C@@H](O)c1ccccc1,no match,no match,0.16666666666666666,0,0,0,CLEAR
CC[C@@H](c1cccc(O)c1)[C@@H](C)CN(C)C,no match,no match,0.125,0,0,0,CLEAR
CNCc1ccc(-c2[nH]c3cc(F)cc4c3c2CCNC4=O)cc1,no match,no match,0.16666666666666666,0,0,0,CLEAR
NS(=O)(=O)c1cc(C(=O)O)c(NCc2ccco2)cc1Cl,no match,no match,0.3333333333333333,0,0,0,CLEAR
CN(C)CCCN1c2ccccc2Sc2ccc(Cl)cc21,no match,no match,0.09523809523809523,0,0,0,CLEAR
Cc1ncc(CO)c(CO)c1O,no match,no match,0.3333333333333333,0,0,0,CLEAR
C/C=C/C(=O)N(CC)c1ccccc1C,no match,no match,0.13333333333333333,0,0,0,CLEAR
CC(C)NC[C@H](O)COc1cccc2ccccc12,no match,no match,0.15789473684210525,0,0,0,CLEAR
O=C(O)CCCc1ccccc1,no match,no match,0.16666666666666666,0,0,0,CLEAR
CC(C)NC[C@H](O)COc1cccc2[nH]ccc12,no match,no match,0.2222222222222222,0,0,0,CLEAR
CC(C)NC[C@@H](O)COc1cccc2[nH]ccc12,no match,no match,0.2222222222222222,0,0,0,CLEAR
C[C@H](CN1c2ccccc2Sc2ccccc21)N(C)C,no match,no match,0.1,0,0,0,CLEAR
C[C@H](CS)C(=O)N1CCC[C@H]1C(=O)O,no match,no match,0.2857142857142857,0,0,0,CLEAR
Cc1cccc(C)c1OC[C@H](C)N,no match,no match,0.15384615384615385,0,0,0,CLEAR
Cn1c(=O)c2c(ncn2C[C@H](O)CO)n(C)c1=O,no match,no match,0.4444444444444444,0,0,0,CLEAR
Cn1c(=O)c2c(ncn2C[C@@H](O)CO)n(C)c1=O,no match,no match,0.4444444444444444,0,0,0,CLEAR
C[C@@H](NC(C)(C)C)C(=O)c1cccc(Cl)c1,no match,no match,0.125,0,0,0,CLEAR
CCc1cccc2c3c([nH]c12)[C@](CC)(CC(=O)O)OCC3,no match,no match,0.19047619047619047,0,0,0,CLEAR
CCc1nc(N)nc(N)c1-c1ccc(Cl)cc1,no match,no match,0.23529411764705882,0,0,0,CLEAR
COc1ccc(CN(CCN(C)C)c2ncccn2)cc1,no match,no match,0.23809523809523808,0,0,0,CLEAR
CCN(Cc1ccncc1)C(=O)[C@@H](CO)c1ccccc1,no match,no match,0.19047619047619047,0,0,0,CLEAR
CCN(Cc1ccncc1)C(=O)[C@H](CO)c1ccccc1,no match,no match,0.19047619047619047,0,0,0,CLEAR
CN[C@@H](C)[C@H](O)c1ccccc1,no match,no match,0.16666666666666666,0,0,0,CLEAR
CC[C@@H]1C(=O)OC[C@@H]1Cc1cncn1C,no match,no match,0.26666666666666666,0,0,0,CLEAR
Cc1nccn1C[C@@H]1CCc2c(c3ccccc3n2C)C1=O,no match,no match,0.18181818181818182,0,0,0,CLEAR
NC[C@@H](CC(=O)O)c1ccc(Cl)cc1,no match,no match,0.21428571428571427,0,0,0,CLEAR
Cc1cc(NS(=O)(=O)c2ccc(N)cc2)no1,no match,no match,0.35294117647058826,0,0,0,CLEAR
COc1ccc2cc([C@H](C)C(=O)O)ccc2c1,no match,no match,0.17647058823529413,0,0,0,CLEAR
CNC[C@H](O)c1cccc(O)c1,no match,no match,0.25,0,0,0,CLEAR
CC(C)Cc1ccc([C@@H](C)C(=O)O)cc1,no match,no match,0.13333333333333333,0,0,0,CLEAR
CN(C)CC[C@@H](c1ccc(Cl)cc1)c1ccccn1,no match,no match,0.10526315789473684,0,0,0,CLEAR
CN(C)CC[C@H](c1ccc(Cl)cc1)c1ccccn1,no match,no match,0.10526315789473684,0,0,0,CLEAR
CC(C)NC[C@H](O)COc1ccc(CC(N)=O)cc1,no match,no match,0.2631578947368421,0,0,0,CLEAR
Nc1ccc(C(=O)NCC(=O)O)cc1,no match,no match,0.35714285714285715,0,0,0,CLEAR
Nc1nc(N)c2nc(-c3ccccc3)c(N)nc2n1,no match,no match,0.3684210526315789,0,0,0,CLEAR
Nc1ccc(S(=O)(=O)Nc2ncccn2)cc1,no match,no match,0.35294117647058826,0,0,0,CLEAR
COc1ccc(C(=O)c2ccccc2)c(O)c1,no match,no match,0.17647058823529413,0,0,0,CLEAR
Cc1cn([C@H]2C=C[C@@H](CO)O2)c(=O)[nH]c1=O,no match,no match,0.375,0,0,0,CLEAR
Cc1cccc(C)c1NC(=O)[C@@H]1CCCCN1C,no match,no match,0.16666666666666666,0,0,0,CLEAR
Cc1ccccc1[C@@H](OCCN(C)C)c1ccccc1,no match,no match,0.1,0,0,0,CLEAR
CN(C)CCOC(=O)[C@@H](c1ccccc1)C1(O)CCCC1,no match,no match,0.19047619047619047,0,0,0,CLEAR
C[C@H](S)C(=O)NCC(=O)O,no match,no match,0.4,0,0,0,CLEAR
CC(=O)N[C@@H](Cc1ccc(O)cc1)C(=O)O,no match,no match,0.3125,0,0,0,CLEAR
CCCC(=O)Nc1ccc(OC[C@@H](O)CNC(C)C)c(C(C)=O)c1,no match,no match,0.25,0,0,0,CLEAR
NCCc1cnc[nH]1,no match,no match,0.375,0,0,0,CLEAR
O=C(O)Cc1ccccc1,no match,no match,0.2,0,0,0,CLEAR
CN1CCC[C@H]1c1cccnc1,no match,no match,0.16666666666666666,0,0,0,CLEAR
COc1ccccc1OC[C@@H](O)CO,no match,no match,0.2857142857142857,0,0,0,CLEAR
COC(=O)c1ccc(C)cc1O,no match,no match,0.25,0,0,0,CLEAR
CN1CCC[C@@H]1CCO[C@](C)(c1ccccc1)c1ccc(Cl)cc1,no match,no match,0.08333333333333333,0,0,0,CLEAR
C[C@@H](C(=O)O)c1cccc(Oc2ccccc2)c1,no match,no match,0.16666666666666666,0,0,0,CLEAR
CN1CC[C@]23c4c5ccc(O)c4O[C@H]2C(=O)CC[C@H]3[C@H]1C5,no match,no match,0.19047619047619047,0,0,0,CLEAR
C[C@@H](CCc1ccccc1)NC[C@H](O)c1ccc(O)c(C(N)=O)c1,no match,no match,0.20833333333333334,0,0,0,CLEAR
C[C@@H](CCc1ccccc1)NC[C@@H](O)c1ccc(O)c(C(N)=O)c1,no match,no match,0.20833333333333334,0,0,0,CLEAR
COc1ccc(OC)c([C@@H](O)CNC(=O)CN)c1,no match,no match,0.3333333333333333,0,0,0,CLEAR
COc1ccc2c3c1O[C@H]1C(=O)CC[C@@]4(O)[C@@H](C2)N(C)CC[C@]314,no match,no match,0.21739130434782608,0,0,0,CLEAR
O=C(C1CCCCC1)N1CC(=O)N2CCc3ccccc3[C@H]2C1,no match,no match,0.17391304347826086,0,0,0,CLEAR
CC(C)(C)NC[C@@H](O)COc1nsnc1N1CCOCC1,no match,no match,0.3333333333333333,0,0,0,CLEAR
C=C[C@H](N)CCC(=O)O,no match,no match,0.3333333333333333,0,0,0,CLEAR
COc1ccc2c3c1O[C@H]1C[C@@H](O)C=C[C@@]31CCN(C)C2,no match,no match,0.19047619047619047,0,0,0,CLEAR
CN(C)CC[C@H](c1ccccc1)c1ccccn1,no match,no match,0.1111111111111111,0,0,0,CLEAR
OC[C@H]1O[C@@H](Oc2ccc(O)cc2)[C@H](O)[C@@H](O)[C@@H]1O,no match,no match,0.3684210526315789,0,0,0,CLEAR
Fc1ccc([C@@H]2CCNC[C@H]2COc2ccc3c(c2)OCO3)cc1,no match,no match,0.16666666666666666,0,0,0,CLEAR
CCN(CC)CCN1C(=O)CN=C(c2ccccc2F)c2cc(Cl)ccc21,no match,no match,0.14814814814814814,0,0,0,CLEAR
Cc1cnc(C(=O)NCCc2ccc(S(=O)(=O)/N=C(\O)NC3CCCCC3)cc2)cn1,no match,no match,0.2903225806451613,0,0,0,CLEAR
COc1ccc(Cl)cc1C(=O)NCCc1ccc(S(=O)(=O)/N=C(\O)NC2CCCCC2)cc1,no match,no match,0.24242424242424243,0,0,0,CLEAR
O=C(CCCN1CCC(O)(c2ccc(Cl)cc2)CC1)c1ccc(F)cc1,no match,no match,0.11538461538461539,0,0,0,CLEAR
C[C@@H]1COc2c(N3CCN(C)CC3)c(F)cc3c(=O)c(C(=O)O)cn1c23,no match,no match,0.2692307692307692,0,0,0,CLEAR
CN(C)C(=O)C(CCN1CCC(O)(c2ccc(Cl)cc2)CC1)(c1ccccc1)c1ccccc1,no match,no match,0.11764705882352941,0,0,0,CLEAR
Cc1cc(C)c(NC(=O)CN(CC(=O)O)CC(=O)O)c(C)c1Br,no match,no match,0.30434782608695654,0,0,0,CLEAR
O[C@H](c1cc(C(F)(F)F)nc2c(C(F)(F)F)cccc12)[C@H]1CCCCN1,no match,no match,0.11538461538461539,0,0,0,CLEAR
CCc1nn(CCCN2CCN(c3cccc(Cl)c3)CC2)c(=O)n1CCOc1ccccc1,no match,no match,0.21212121212121213,0,0,0,CLEAR
C[C@H]1COc2c(N3CCN(C)CC3)c(F)cc3c(=O)c(C(=O)O)cn1c23,no match,no match,0.2692307692307692,0,0,0,CLEAR
CCC(=O)N(c1ccccc1)C1(C(=O)OC)CCN(CCC(=O)OC)CC1,no match,no match,0.25925925925925924,0,0,0,CLEAR
Cc1nc2n(c(=O)c1CCN1CCC(c3noc4cc(F)ccc34)CC1)CCCC2,no match,no match,0.2,0,0,0,CLEAR
O=c1n(CCCN2CCN(c3cccc(Cl)c3)CC2)nc2ccccn12,no match,no match,0.23076923076923078,0,0,0,CLEAR
COc1cc(C(=O)NCc2ccc(OCCN(C)C)cc2)cc(OC)c1OC,no match,no match,0.25,0,0,0,CLEAR
O=C1Cc2cc(CCN3CCN(c4nsc5ccccc45)CC3)c(Cl)cc2N1,no match,no match,0.17857142857142858,0,0,0,CLEAR
C[C@](O)(CS(=O)(=O)c1ccc(F)cc1)C(=O)Nc1ccc(C#N)c(C(F)(F)F)c1,no match,no match,0.20689655172413793,0,0,0,CLEAR
CCCc1nc(C(C)(C)O)c(C(=O)O)n1Cc1ccc(-c2ccccc2-c2nnn[nH]2)cc1,no match,no match,0.2727272727272727,0,0,0,CLEAR
COC(c1ccccc1)(c1ccccc1)[C@H](Oc1nc(C)cc(C)n1)C(=O)O,no match,no match,0.21428571428571427,0,0,0,CLEAR
Cc1ccccc1C(=O)Nc1ccc(C(=O)N2CCC[C@@H](O)c3cc(Cl)ccc32)c(C)c1,no match,no match,0.15625,0,0,0,CLEAR
CC(C)OC(=O)C(C)(C)Oc1ccc(C(=O)c2ccc(Cl)cc2)cc1,no match,no match,0.16,0,0,0,CLEAR
O=C(Nc1c(Cl)cncc1Cl)c1ccc(OC(F)F)c(OCC2CC2)c1,no match,no match,0.19230769230769232,0,0,0,CLEAR
COc1cc2c(cc1OC)C(=O)[C@@H](CC1CCN(Cc3ccccc3)CC1)C2,no match,no match,0.14285714285714285,0,0,0,CLEAR
Cc1c(OCC(F)(F)F)ccnc1C[S@@](=O)c1nc2ccccc2[nH]1,no match,no match,0.2,0,0,0,CLEAR
Nc1ccncc1,no match,no match,0.2857142857142857,0,0,0,CLEAR
CN1CCC[C@@H](n2nc(Cc3ccc(Cl)cc3)c3ccccc3c2=O)CC1,no match,no match,0.14814814814814814,0,0,0,CLEAR
Cc1ccccc1N1C(=O)c2cc(S(N)(=O)=O)c(Cl)cc2N[C@H]1C,no match,no match,0.25,0,0,0,CLEAR
CCC(=O)N(c1ccccc1)C1(COC)CCN(CCn2nnn(CC)c2=O)CC1,no match,no match,0.3,0,0,0,CLEAR
COc1ccc2c(c1)c(CC(=O)O)c(C)n2C(=O)c1ccc(Cl)cc1,no match,no match,0.2,0,0,0,CLEAR
N#CC(CCN1CCC(C(=O)O)(c2ccccc2)CC1)(c1ccccc1)c1ccccc1,no match,no match,0.125,0,0,0,CLEAR
O=C(O)CCCN1CCC(O[C@@H](c2ccc(Cl)cc2)c2ccccn2)CC1,no match,no match,0.18518518518518517,0,0,0,CLEAR
Cc1cc(C#N)cc(C)c1Oc1nc(Nc2ccc(C#N)cc2)nc(N)c1Br,no match,no match,0.25,0,0,0,CLEAR
COc1cc2c(c(OC)c1OC)-c1ccc(OC)c(=O)cc1[C@H](NC(C)=O)CC2,no match,no match,0.2413793103448276,0,0,0,CLEAR
O[C@@H](CNC[C@@H](O)[C@H]1CCc2cc(F)ccc2O1)[C@H]1CCc2cc(F)ccc2O1,no match,no match,0.1724137931034483,0,0,0,CLEAR
COc1cc2c(c(OC)c1OC)-c1ccc(OC)c(=O)cc1[C@@H](NC(C)=O)CC2,no match,no match,0.2413793103448276,0,0,0,CLEAR
COc1ccc([C@@H]2Sc3ccccc3N(CCN(C)C)C(=O)[C@@H]2OC(C)=O)cc1,no match,no match,0.20689655172413793,0,0,0,CLEAR
OCCN(CCO)c1nc(N2CCCCC2)c2nc(N(CCO)CCO)nc(N3CCCCC3)c2n1,no match,no match,0.3333333333333333,0,0,0,CLEAR
CC(=O)N1CCN(c2ccc(OC[C@H]3CO[C@](Cn4ccnc4)(c4ccc(Cl)cc4Cl)O3)cc2)CC1,no match,no match,0.2222222222222222,0,0,0,CLEAR
CC(=O)N1CCN(c2ccc(OC[C@@H]3CO[C@](Cn4ccnc4)(c4ccc(Cl)cc4Cl)O3)cc2)CC1,no match,no match,0.2222222222222222,0,0,0,CLEAR
CC(=O)N1CCN(c2ccc(OC[C@@H]3CO[C@@](Cn4ccnc4)(c4ccc(Cl)cc4Cl)O3)cc2)CC1,no match,no match,0.2222222222222222,0,0,0,CLEAR
OCC(O)CO,no match,no match,0.5,0,0,0,CLEAR
C[C@@H](O)[C@H](O)[C@@H]1CNc2[nH]c(N)nc(=O)c2N1,no match,no match,0.47058823529411764,0,0,0,CLEAR
OCc1ccccc1,no match,no match,0.125,0,0,0,CLEAR
C[C@H](O)CO,no match,no match,0.4,0,0,0,CLEAR
C[C@@H](O)CO,no match,no match,0.4,0,0,0,CLEAR
O=C(O)[C@@H]1CCCN1,no match,no match,0.375,0,0,0,CLEAR
O=C(O)[C@H]1C[C@H](O)CN1,no match,no match,0.4444444444444444,0,0,0,CLEAR
OCCN(CCO)CCO,no match,no match,0.4,0,0,0,CLEAR
CN(C)CC[C@H](c1ccc(Br)cc1)c1ccccn1,no match,no match,0.10526315789473684,0,0,0,CLEAR
CC(C)(C)NC[C@H](O)COc1cccc2c1CCC(=O)N2,no match,no match,0.23809523809523808,0,0,0,CLEAR
COC(=O)CCc1ccc(OC[C@@H](O)CNC(C)C)cc1,no match,no match,0.23809523809523808,0,0,0,CLEAR
O=C(NC[C@H]1CCCCN1)c1cc(OCC(F)(F)F)ccc1OCC(F)(F)F,no match,no match,0.17857142857142858,0,0,0,CLEAR
Nc1nc(=O)[nH]cc1F,no match,no match,0.4444444444444444,0,0,0,CLEAR
CN1[C@H]2CCC[C@H]1CC(NC(=O)c1nn(C)c3ccccc13)C2,no match,no match,0.21739130434782608,0,0,0,CLEAR
CN1[C@@H]2CCC[C@@H]1CC(NC(=O)c1nn(C)c3ccccc13)C2,no match,no match,0.21739130434782608,0,0,0,CLEAR
N[C@H]1C[C@@H]1c1ccccc1,no match,no match,0.1,0,0,0,CLEAR
N[C@H]1C[C@H]1c1ccccc1,no match,no match,0.1,0,0,0,CLEAR
NC(CO)(CO)CO,no match,no match,0.5,0,0,0,CLEAR
COc1ccc([C@H](CN(C)C)C2(O)CCCCC2)cc1,no match,no match,0.15,0,0,0,CLEAR
CN1C(=O)C[C@@](C)(c2ccccc2)C1=O,no match,no match,0.2,0,0,0,CLEAR
COC(=O)[C@@H](c1ccccc1)[C@H]1CCCCN1,no match,no match,0.17647058823529413,0,0,0,CLEAR
COC(=O)[C@H](c1ccccc1)[C@H]1CCCCN1,no match,no match,0.17647058823529413,0,0,0,CLEAR
Cc1ccccc1N1C(=O)c2cc(S(N)(=O)=O)c(Cl)cc2N[C@@H]1C,no match,no match,0.25,0,0,0,CLEAR
CC(C)NC[C@H](O)c1ccc(NS(C)(=O)=O)cc1,no match,no match,0.2777777777777778,0,0,0,CLEAR
CCCN1CCCC[C@H]1C(=O)Nc1c(C)cccc1C,no match,no match,0.15,0,0,0,CLEAR
O[C@@H](c1cc(C(F)(F)F)nc2c(C(F)(F)F)cccc12)[C@H]1CCCCN1,no match,no match,0.11538461538461539,0,0,0,CLEAR
O[C@H](c1cc(C(F)(F)F)nc2c(C(F)(F)F)cccc12)[C@@H]1CCCCN1,no match,no match,0.11538461538461539,0,0,0,CLEAR
CN1CCC[C@H](n2nc(Cc3ccc(Cl)cc3)c3ccccc3c2=O)CC1,no match,no match,0.14814814814814814,0,0,0,CLEAR
COc1cc2c(cc1OC)C(=O)[C@H](CC1CCN(Cc3ccccc3)CC1)C2,no match,no match,0.14285714285714285,0,0,0,CLEAR
COc1ccc(C[C@H](C)NC[C@H](O)c2ccc(O)c(NC=O)c2)cc1,no match,no match,0.24,0,0,0,CLEAR
COc1ccc(C[C@@H](C)NC[C@@H](O)c2ccc(O)c(NC=O)c2)cc1,no match,no match,0.24,0,0,0,CLEAR
Cc1cn[nH]c1,no match,no match,0.3333333333333333,0,0,0,CLEAR
O=C(OC1C[C@H]2CC3C[C@H](C1)N2CC3=O)c1c[nH]c2ccccc12,no match,no match,0.20833333333333334,0,0,0,CLEAR
Cc1cc(C)cc(OC[C@@H]2CNC(=O)O2)c1,no match,no match,0.25,0,0,0,CLEAR
C[C@@](O)(CS(=O)(=O)c1ccc(F)cc1)C(=O)Nc1ccc(C#N)c(C(F)(F)F)c1,no match,no match,0.20689655172413793,0,0,0,CLEAR
O=C(O)[C@H](O)[C@@H](O)CO,no match,no match,0.5555555555555556,0,0,0,CLEAR
CC(C)O,no match,no match,0.25,0,0,0,CLEAR
O=C(O)[C@@H]1C[C@H](O)CN1,no match,no match,0.4444444444444444,0,0,0,CLEAR
O=C(O)[C@@H]1C[C@@H](O)CN1,no match,no match,0.4444444444444444,0,0,0,CLEAR
CC1(C)[C@@H]2CC[C@@]1(C)C(=O)C2,no match,no match,0.09090909090909091,0,0,0,CLEAR
CC1(C)[C@H]2CC[C@]1(C)C(=O)C2,no match,no match,0.09090909090909091,0,0,0,CLEAR
CC12CCC(CC1)C(C)(C)O2,no match,no match,0.09090909090909091,0,0,0,CLEAR
Cc1ccc(C(C)C)c(O)c1,no match,no match,0.09090909090909091,0,0,0,CLEAR
O=C(c1ccccc1)c1ccccc1,no match,no match,0.07142857142857142,0,0,0,CLEAR
CCCC(=O)Nc1ccc(OC[C@H](O)CNC(C)C)c(C(C)=O)c1,no match,no match,0.25,0,0,0,CLEAR
NC12CC3CC(CC(C3)C1)C2,no match,no match,0.09090909090909091,0,0,0,CLEAR
CN(C)CCC=C1c2ccccc2CCc2ccccc21,no match,no match,0.047619047619047616,0,0,0,CLEAR
CN(C)CCC=C1c2ccccc2C=Cc2ccccc21,no match,no match,0.047619047619047616,0,0,0,CLEAR
CN1CCC(=C2c3ccccc3C=Cc3ccccc32)CC1,no match,no match,0.045454545454545456,0,0,0,CLEAR
O[C@@](CCN1CCCCC1)(c1ccccc1)C1CCCCC1,no match,no match,0.09090909090909091,0,0,0,CLEAR
O[C@](CCN1CCCCC1)(c1ccccc1)C1CCCCC1,no match,no match,0.09090909090909091,0,0,0,CLEAR
C[C@H](CN(C)C)CN1c2ccccc2CCc2ccccc21,no match,no match,0.09090909090909091,0,0,0,CLEAR
CC(C)c1cccc(C(C)C)c1O,no match,no match,0.07692307692307693,0,0,0,CLEAR
C[C@@H](Cc1ccccc1)N(C)Cc1ccccc1,no match,no match,0.05555555555555555,0,0,0,CLEAR
CN1CCN2c3ncccc3Cc3ccccc3[C@H]2C1,no match,no match,0.15,0,0,0,CLEAR
Cc1ccc(O)c([C@H](CCN(C(C)C)C(C)C)c2ccccc2)c1,no match,no match,0.08333333333333333,0,0,0,CLEAR
CC[C@H](C)C1(CC)C(=O)NC(=O)NC1=O,no match,no match,0.3333333333333333,0,0,0,CLEAR
NC(=O)c1ncn([C@@H]2O[C@H](CO)[C@@H](O)[C@H]2O)n1,no match,no match,0.5294117647058824,0,0,0,CLEAR
COc1ccc2c3c1O[C@H]1C(=O)CC[C@H]4[C@@H](C2)N(C)CC[C@]314,no match,no match,0.18181818181818182,0,0,0,CLEAR
CO[C@]12CC[C@@]3(C[C@@H]1[C@](C)(O)C(C)(C)C)[C@H]1Cc4ccc(O)c5c4[C@@]3(CCN1CC1CC1)[C@H]2O5,no match,no match,0.14705882352941177,0,0,0,CLEAR
c1cnc2cc3c(cc2n1)[C@H]1CNC[C@@H]3C1,no match,no match,0.1875,0,0,0,CLEAR
CN[C@@H](C)CC1CCCCC1,no match,no match,0.09090909090909091,0,0,0,CLEAR
Cc1nc2n(c(=O)c1CCN1CCC(c3noc4cc(F)ccc34)CC1)CCC[C@H]2O,no match,no match,0.22580645161290322,0,0,0,CLEAR
CN[C@H](C)CC1CCCCC1,no match,no match,0.09090909090909091,0,0,0,CLEAR
CC(C)[C@@H]1CC[C@@H](C)C[C@H]1O,no match,no match,0.09090909090909091,0,0,0,CLEAR
Cn1nnc2c(C(N)=O)ncn2c1=O,no match,no match,0.5714285714285714,0,0,0,CLEAR
N[C@@H]1C[C@H]1c1ccccc1,no match,no match,0.1,0,0,0,CLEAR
C[C@@H](c1nc(-c2ccc(C#N)cc2)cs1)[C@](O)(Cn1cncn1)c1cc(F)ccc1F,no match,no match,0.1935483870967742,0,0,0,CLEAR
CN(Cc1cnc2nc(N)nc(N)c2n1)c1ccc(C(=O)N[C@@H](CCC(=O)O)C(=O)O)cc1,no match,no match,0.3939393939393939,0,0,0,CLEAR
NCCCCCC(=O)O,no match,no match,0.3333333333333333,0,0,0,CLEAR
CC(C)(CO)[C@@H](O)C(=O)NCCCO,no match,no match,0.35714285714285715,0,0,0,CLEAR
Nc1nc2c(ncn2COCCO)c(=O)[nH]1,no match,no match,0.5,0,0,0,CLEAR
CC(C)NC[C@H](O)COc1ccc(CCOCC2CC2)cc1,no match,no match,0.18181818181818182,0,0,0,CLEAR
CC(C)NC[C@@H](O)COc1ccc(CCOCC2CC2)cc1,no match,no match,0.18181818181818182,0,0,0,CLEAR
COc1cc(CNC(=O)CCCC/C=C/C(C)C)ccc1O,no match,no match,0.18181818181818182,0,0,0,CLEAR
COc1ccccc1OCCNC[C@H](O)COc1cccc2[nH]c3ccccc3c12,no match,no match,0.2,0,0,0,CLEAR
COc1ccccc1OCCNC[C@@H](O)COc1cccc2[nH]c3ccccc3c12,no match,no match,0.2,0,0,0,CLEAR
CCCN/C(O)=N/S(=O)(=O)c1ccc(Cl)cc1,no match,no match,0.29411764705882354,0,0,0,CLEAR
CNCCCN1c2ccccc2CCc2ccccc21,no match,no match,0.1,0,0,0,CLEAR
CCN(CC)CCOC(=O)C1(C2CCCCC2)CCCCC1,no match,no match,0.13636363636363635,0,0,0,CLEAR
CC(C)N(CC[C@@](C(N)=O)(c1ccccc1)c1ccccn1)C(C)C,no match,no match,0.16,0,0,0,CLEAR
CC(C)N(CC[C@](C(N)=O)(c1ccccc1)c1ccccn1)C(C)C,no match,no match,0.16,0,0,0,CLEAR
CCCCCc1cc(O)c2c(c1)OC(C)(C)[C@@H]1CCC(C)=C[C@@H]21,no match,no match,0.08695652173913043,0,0,0,CLEAR
CC(=O)OCC(CCn1cnc2cnc(N)nc21)COC(C)=O,no match,no match,0.391304347826087,0,0,0,CLEAR
CNCC[C@H](Oc1ccc(C(F)(F)F)cc1)c1ccccc1,no match,no match,0.09090909090909091,0,0,0,CLEAR
CNCC[C@@H](Oc1ccc(C(F)(F)F)cc1)c1ccccc1,no match,no match,0.09090909090909091,0,0,0,CLEAR
CC(C)n1c(/C=C/[C@H](O)C[C@H](O)CC(=O)O)c(-c2ccc(F)cc2)c2ccccc21,no match,no match,0.16666666666666666,0,0,0,CLEAR
Cc1ccc(C)c(OCCCC(C)(C)C(=O)O)c1,no match,no match,0.16666666666666666,0,0,0,CLEAR
CCN(CCO)CCC[C@@H](C)Nc1ccnc2cc(Cl)ccc12,no match,no match,0.17391304347826086,0,0,0,CLEAR
CCN(CCO)CCC[C@H](C)Nc1ccnc2cc(Cl)ccc12,no match,no match,0.17391304347826086,0,0,0,CLEAR
CCCCN/C(O)=N/S(=O)(=O)c1ccc(C)cc1,no match,no match,0.2777777777777778,0,0,0,CLEAR
CCC(=O)C(C[C@@H](C)N(C)C)(c1ccccc1)c1ccccc1,no match,no match,0.08695652173913043,0,0,0,CLEAR
CCC(=O)C(C[C@H](C)N(C)C)(c1ccccc1)c1ccccc1,no match,no match,0.08695652173913043,0,0,0,CLEAR
CN1C(=O)OC(C)(C)C1=O,no match,no match,0.4,0,0,0,CLEAR
CCN(CC)CCNC(=O)c1cc(Cl)c(N)cc1OC,no match,no match,0.25,0,0,0,CLEAR
COCCc1ccc(OC[C@@H](O)CNC(C)C)cc1,no match,no match,0.21052631578947367,0,0,0,CLEAR
COCCc1ccc(OC[C@H](O)CNC(C)C)cc1,no match,no match,0.21052631578947367,0,0,0,CLEAR
Clc1ccc([C@H](c2ccccc2Cl)C(Cl)Cl)cc1,no match,no_oxygen_or_nitrogen,0.0,0,0,0,CLEAR
Clc1ccc([C@@H](c2ccccc2Cl)C(Cl)Cl)cc1,no match,no_oxygen_or_nitrogen,0.0,0,0,0,CLEAR
CNCCC=C1c2ccccc2CCc2ccccc21,no match,no match,0.05,0,0,0,CLEAR
CCN(CC)CC#CCOC(=O)[C@@](O)(c1ccccc1)C1CCCCC1,no match,no match,0.15384615384615385,0,0,0,CLEAR
CCN(CC)CC#CCOC(=O)[C@](O)(c1ccccc1)C1CCCCC1,no match,no match,0.15384615384615385,0,0,0,CLEAR
CCN(CC)CCNC(=O)c1ccc(N)cc1,no match,no match,0.23529411764705882,0,0,0,CLEAR
CCCNC[C@H](O)COc1ccccc1C(=O)CCc1ccccc1,no match,no match,0.16,0,0,0,CLEAR
CCCNC[C@@H](O)COc1ccccc1C(=O)CCc1ccccc1,no match,no match,0.16,0,0,0,CLEAR
CCCOc1ccc(C(=O)OCCN(CC)CC)cc1N,no match,no match,0.23809523809523808,0,0,0,CLEAR
CNCCCC1c2ccccc2C=Cc2ccccc21,no match,no match,0.05,0,0,0,CLEAR
CCC(=O)O[C@](Cc1ccccc1)(c1ccccc1)[C@H](C)CN(C)C,no match,no match,0.12,0,0,0,CLEAR
CC(=O)CCCCn1c(=O)c2c(ncn2C)n(C)c1=O,no match,no match,0.35,0,0,0,CLEAR
O=C(O)c1cc(=O)c2c(OCC(O)COc3cccc4oc(C(=O)O)cc(=O)c34)cccc2o1,no match,no match,0.3235294117647059,0,0,0,CLEAR
CC[C@@]1(C)CC(=O)NC1=O,no match,no match,0.3,0,0,0,CLEAR
CC[C@]1(C)CC(=O)NC1=O,no match,no match,0.3,0,0,0,CLEAR
CCCCNc1ccc(C(=O)OCCN(C)C)cc1,no match,no match,0.21052631578947367,0,0,0,CLEAR
CCCCN1CCCC[C@H]1C(=O)Nc1c(C)cccc1C,no match,no match,0.14285714285714285,0,0,0,CLEAR
CCCCN1CCCC[C@@H]1C(=O)Nc1c(C)cccc1C,no match,no match,0.14285714285714285,0,0,0,CLEAR
CCCN[C@@H](C)C(=O)Nc1ccccc1C,no match,no match,0.1875,0,0,0,CLEAR
CCCN[C@H](C)C(=O)Nc1ccccc1C,no match,no match,0.1875,0,0,0,CLEAR
COc1cc(N[C@@H](C)CCCN)c2ncccc2c1,no match,no match,0.21052631578947367,0,0,0,CLEAR
COc1cc(N[C@H](C)CCCN)c2ncccc2c1,no match,no match,0.21052631578947367,0,0,0,CLEAR
CCCc1nc2c(C)cc(-c3nc4ccccc4n3C)cc2n1Cc1ccc(-c2ccccc2C(=O)O)cc1,no match,no match,0.15384615384615385,0,0,0,CLEAR
CCOCCn1c(N2CCCN(C)CC2)nc2ccccc21,no match,no match,0.22727272727272727,0,0,0,CLEAR
C=CC[C@]1([C@@H](C)C#CCC)C(=O)NC(=O)N(C)C1=O,no match,no match,0.2631578947368421,0,0,0,CLEAR
C=CC[C@@]1([C@H](C)C#CCC)C(=O)NC(=O)N(C)C1=O,no match,no match,0.2631578947368421,0,0,0,CLEAR
COCCCOc1ccnc(C[S@](=O)c2nc3ccccc3[nH]2)c1C,no match,no match,0.24,0,0,0,CLEAR
CCN(CC)CCOC(=O)c1ccc(N)cc1Cl,no match,no match,0.2222222222222222,0,0,0,CLEAR
CCCCOc1cc(C(=O)NCCN(CC)CC)c2ccccc2n1,no match,no match,0.2,0,0,0,CLEAR
CCCCOc1ccc(C(=O)CCN2CCCCC2)cc1,no match,no match,0.14285714285714285,0,0,0,CLEAR
CN(Cc1ccc(C(C)(C)C)cc1)Cc1cccc2ccccc12,no match,no match,0.041666666666666664,0,0,0,CLEAR
CN(C/C=C/c1ccccc1)Cc1cccc2ccccc12,no match,no match,0.045454545454545456,0,0,0,CLEAR
O=C(O)[C@H](O)[C@@H](O)[C@H](O)[C@H](O)CO,no match,no match,0.5384615384615384,0,0,0,CLEAR
CC(=O)C(=O)O,no match,no match,0.5,0,0,0,CLEAR
O=C(O)CCCO,no match,no match,0.42857142857142855,0,0,0,CLEAR
O=C(O)C[C@H](O)C[C@H](O)/C=C/c1c(C2CC2)nc2ccccc2c1-c1ccc(F)cc1,no match,no match,0.16129032258064516,0,0,0,CLEAR
CC(C)c1nc(N(C)S(C)(=O)=O)nc(-c2ccc(F)cc2)c1/C=C/[C@@H](O)C[C@@H](O)CC(=O)O,no match,no match,0.2727272727272727,0,0,0,CLEAR
C#CC[C@@H](Cc1cnc2nc(N)nc(N)c2n1)c1ccc(C(=O)N[C@@H](CCC(=O)O)C(=O)O)cc1,no match,no match,0.34285714285714286,0,0,0,CLEAR
C=C(c1ccc(C(=O)O)cc1)c1cc2c(cc1C)C(C)(C)CCC2(C)C,no match,no match,0.07692307692307693,0,0,0,CLEAR
Nc1nc2[nH]cc(CCc3ccc(C(=O)N[C@@H](CCC(=O)O)C(=O)O)cc3)c2c(=O)[nH]1,no match,no match,0.3548387096774194,0,0,0,CLEAR
N#Cc1ccc2[nH]cc(CCCCN3CCN(c4ccc5oc(C(N)=O)cc5c4)CC3)c2c1,no match,no match,0.21212121212121213,0,0,0,CLEAR
COc1cc2nc(N(C)CCCNC(=O)[C@@H]3CCCO3)nc(N)c2cc1OC,no match,no match,0.32142857142857145,0,0,0,CLEAR
C#Cc1cccc(Nc2ncnc3cc(OCCOC)c(OCCOC)cc23)c1,no match,no match,0.2413793103448276,0,0,0,CLEAR
CC[C@@H](C(N)=O)N1CCCC1=O,no match,no match,0.3333333333333333,0,0,0,CLEAR
COc1cc(C(C)=O)ccc1OCCCN1CCC(c2noc3cc(F)ccc23)CC1,no match,no match,0.1935483870967742,0,0,0,CLEAR
CS(=O)(=O)CCNCc1ccc(-c2ccc3ncnc(Nc4ccc(OCc5cccc(F)c5)c(Cl)c4)c3c2)o1,no match,no match,0.2,0,0,0,CLEAR
C[C@@H](NCCCc1cccc(C(F)(F)F)c1)c1cccc2ccccc12,no match,no match,0.038461538461538464,0,0,0,CLEAR
O=C1CCc2cc(OCCCCc3nnnn3C3CCCCC3)ccc2N1,no match,no match,0.25925925925925924,0,0,0,CLEAR
Cc1cc(/C=C/C#N)cc(C)c1Nc1ccnc(Nc2ccc(C#N)cc2)n1,no match,no match,0.21428571428571427,0,0,0,CLEAR
CC[C@@]1(O)C(=O)OCc2c1cc1n(c2=O)Cc2cc3c(CN(C)C)c(O)ccc3nc2-1,no match,no match,0.25806451612903225,0,0,0,CLEAR
CCCC[C@@H](CC)COC(=O)/C=C/c1ccc(OC)cc1,no match,no match,0.14285714285714285,0,0,0,CLEAR
CCCC[C@H](CC)COC(=O)/C=C/c1ccc(OC)cc1,no match,no match,0.14285714285714285,0,0,0,CLEAR
N[C@@H]1C[C@@H]1c1ccccc1,no match,no match,0.1,0,0,0,CLEAR
C[C@H](N)Cc1ccc(O)cc1,no match,no match,0.18181818181818182,0,0,0,CLEAR
O=C(OCCO)c1ccccc1O,no match,no match,0.3076923076923077,0,0,0,CLEAR
CNCC[C@@H](Oc1ccccc1C)c1ccccc1,no match,no match,0.10526315789473684,0,0,0,CLEAR
COc1cc2nc(N(C)CCCNC(=O)[C@H]3CCCO3)nc(N)c2cc1OC,no match,no match,0.32142857142857145,0,0,0,CLEAR
O=C1CCc2ccc(OCCCCN3CCN(c4cccc(Cl)c4Cl)CC3)cc2N1,no match,no match,0.16666666666666666,0,0,0,CLEAR
CCOC(=O)[C@H](CCc1ccccc1)N[C@@H](C)C(=O)N1[C@H](C(=O)O)C[C@H]2CCCC[C@@H]21,no match,no match,0.22580645161290322,0,0,0,CLEAR
CN[C@H]1CC[C@@H](c2ccc(Cl)c(Cl)c2)c2ccccc21,no match,no match,0.05,0,0,0,CLEAR
CC(C)n1c(/C=C/[C@@H](O)C[C@@H](O)CC(=O)O)c(-c2ccc(F)cc2)c2ccccc21,no match,no match,0.16666666666666666,0,0,0,CLEAR
NC(=O)C(c1ccccc1)(c1ccccc1)[C@@H]1CCN(CCc2ccc3c(c2)CCO3)C1,no match,no match,0.125,0,0,0,CLEAR
O[C@@H](CNC[C@@H](O)[C@@H]1CCc2cc(F)ccc2O1)[C@H]1CCc2cc(F)ccc2O1,no match,no match,0.1724137931034483,0,0,0,CLEAR
CN1c2c(nc(N)[nH]c2=O)NC[C@@H]1CNc1ccc(C(=O)N[C@@H](CCC(=O)O)C(=O)O)cc1,no match,no match,0.3939393939393939,0,0,0,CLEAR
C=CCC1([C@@H](C)CCC)C(=O)NC(=O)NC1=O,no match,no match,0.29411764705882354,0,0,0,CLEAR
Cc1ccc(/C=C2\C(=O)[C@]3(C)CC[C@H]2C3(C)C)cc1,no match,no match,0.05263157894736842,0,0,0,CLEAR
CC(=O)NC[C@H]1CN(c2ccc(N3CCOCC3)c(F)c2)C(=O)O1,no match,no match,0.2916666666666667,0,0,0,CLEAR
Nc1nc(NC2CC2)c2ncn([C@H]3C=C[C@@H](CO)C3)c2n1,no match,no match,0.3333333333333333,0,0,0,CLEAR
CCCC[C@@H](CC)COC(=O)c1ccc(N(C)C)cc1,no match,no match,0.15,0,0,0,CLEAR
CCCC[C@H](CC)COC(=O)c1ccc(N(C)C)cc1,no match,no match,0.15,0,0,0,CLEAR
CCCN[C@@H](C)C(=O)Nc1c(C)csc1C(=O)OC,no match,no match,0.2631578947368421,0,0,0,CLEAR
CCCN[C@H](C)C(=O)Nc1c(C)csc1C(=O)OC,no match,no match,0.2631578947368421,0,0,0,CLEAR
O=C1Nc2ccc(Cl)cc2[C@@](C#CC2CC2)(C(F)(F)F)O1,no match,no match,0.14285714285714285,0,0,0,CLEAR
COC(=O)[C@@H](c1ccccc1)[C@@H]1CCCCN1,no match,no match,0.17647058823529413,0,0,0,CLEAR
CCC(=O)N(c1ccccc1)C1CCN(CCc2ccccc2)CC1,no match,no match,0.12,0,0,0,CLEAR
CN(C)C[C@@H](c1ccc(O)cc1)C1(O)CCCCC1,no match,no match,0.15789473684210525,0,0,0,CLEAR
O=C1O[C@H](CO)[C@@H](O)[C@H](O)[C@H]1O,no match,no match,0.5,0,0,0,CLEAR
C[C@H](O)[C@H](O)[C@@H]1CNc2[nH]c(N)nc(=O)c2N1,no match,no match,0.47058823529411764,0,0,0,CLEAR
CCCCOCc1ccc(O)c(OC)c1,no match,no match,0.2,0,0,0,CLEAR
Cc1ccc(-c2cc(C(F)(F)F)nn2-c2ccc(S(N)(=O)=O)cc2)cc1,no match,no match,0.19230769230769232,0,0,0,CLEAR
COc1ccc(C[C@@H](C)NC[C@H](O)c2ccc(O)c(NC=O)c2)cc1,no match,no match,0.24,0,0,0,CLEAR
CCN(CC)[C@H](C)C(=O)c1ccccc1,no match,no match,0.13333333333333333,0,0,0,CLEAR
CCCC(CCC)C(=O)O,no match,no match,0.2,0,0,0,CLEAR
COc1ccc2c(c1)[C@]13CCCC[C@@H]1[C@H](C2)N(C)CC3,no match,no match,0.1,0,0,0,CLEAR
CC(=O)N[C@@H](CS)C(=O)O,no match,no match,0.4,0,0,0,CLEAR
COc1c(N2CCN[C@H](C)C2)c(F)cc2c(=O)c(C(=O)O)cn(C3CC3)c12,no match,no match,0.25925925925925924,0,0,0,CLEAR
Nc1nc(=O)n([C@@H]2CS[C@H](CO)O2)cc1F,no match,no match,0.375,0,0,0,CLEAR
CC[C@@H](C)C1(CC)C(=O)NC(=O)NC1=O,no match,no match,0.3333333333333333,0,0,0,CLEAR
Cc1ccc(/C(=C\CN2CCCC2)c2cccc(/C=C/C(=O)O)n2)cc1,no match,no match,0.15384615384615385,0,0,0,CLEAR
N#Cc1ccc(C(c2ccc(C#N)cc2)n2cncn2)cc1,no match,no match,0.22727272727272727,0,0,0,CLEAR
CCC(C)(C)C(=O)O[C@H]1C[C@@H](C)C=C2C=C[C@H](C)[C@H](CC[C@@H]3C[C@@H](O)CC(=O)O3)[C@H]21,no match,no match,0.16666666666666666,0,0,0,CLEAR
CCCN[C@H]1CCc2nc(N)sc2C1,no match,no match,0.21428571428571427,0,0,0,CLEAR
CCOC(=O)[C@H](CCc1ccccc1)N[C@H]1CCc2ccccc2N(CC(=O)O)C1=O,no match,no match,0.22580645161290322,0,0,0,CLEAR
NCC(=O)CCC(=O)O,no match,no match,0.4444444444444444,0,0,0,CLEAR
CC(C)(C)NC(=O)[C@H]1CC[C@H]2[C@@H]3CC[C@H]4NC(=O)C=C[C@]4(C)[C@H]3CC[C@]12C,no match,no match,0.14814814814814814,0,0,0,CLEAR
CCOc1nc2cccc(C(=O)O)c2n1Cc1ccc(-c2ccccc2-c2nnn[nH]2)cc1,no match,no match,0.2727272727272727,0,0,0,CLEAR
CC#CC[C@@H](C)[C@H](O)/C=C/[C@@H]1[C@H]2C/C(=C/CCCC(=O)O)C[C@H]2C[C@H]1O,no match,no match,0.15384615384615385,0,0,0,CLEAR
COc1ccc(-c2ccc3cc(C(=O)O)ccc3c2)cc1C12CC3CC(CC(C3)C1)C2,no match,no match,0.0967741935483871,0,0,0,CLEAR
N[C@@H]1CCCCN(c2c(F)cc3c(=O)c(C(=O)O)cn(C4CC4)c3c2Cl)C1,no match,no match,0.2222222222222222,0,0,0,CLEAR
CCOC(=O)[C@H](CCc1ccccc1)N[C@@H](C)C(=O)N1CCC[C@H]1C(=O)O,no match,no match,0.25925925925925924,0,0,0,CLEAR
CCOC(=O)[C@H](C)C[C@@H](Cc1ccc(-c2ccccc2)cc1)NC(=O)CCC(=O)O,no match,no match,0.2,0,0,0,CLEAR
CN(C)CCC[C@]1(c2ccc(F)cc2)OCc2cc(C#N)ccc21,no match,no match,0.125,0,0,0,CLEAR
CCCCN1C[C@H](O)[C@@H](O)[C@H](O)[C@H]1CO,no match,no match,0.3333333333333333,0,0,0,CLEAR
O=C1c2cccc3c2[C@H](CCC3)CN1[C@@H]1CN2CCC1CC2,no match,no match,0.13636363636363635,0,0,0,CLEAR
CCOc1cc(CC(=O)N[C@@H](CC(C)C)c2ccccc2N2CCCCC2)ccc1C(=O)O,no match,no match,0.18181818181818182,0,0,0,CLEAR
C=C[C@@H](N)CCC(=O)O,no match,no match,0.3333333333333333,0,0,0,CLEAR
CCOC(=O)[C@H](CCc1ccccc1)N[C@@H](C)C(=O)N1[C@H](C(=O)O)C[C@@H]2CCC[C@@H]21,no match,no match,0.23333333333333334,0,0,0,CLEAR
CC[C@H](C)C(=O)O[C@H]1C[C@H](O)C=C2C=C[C@H](C)[C@H](CC[C@@H](O)C[C@@H](O)CC(=O)O)[C@H]21,no match,no match,0.23333333333333334,0,0,0,CLEAR
CCCCC[C@H](O)CC[C@@H]1[C@H]2Cc3cccc(OCC(=O)O)c3C[C@H]2C[C@H]1O,no match,no match,0.17857142857142858,0,0,0,CLEAR
CN(C)CCC[C@@]1(c2ccc(F)cc2)OCc2cc(C#N)ccc21,no match,no match,0.125,0,0,0,CLEAR
CCOC(=O)[C@H](CCc1ccccc1)N[C@@H](C)C(=O)N1Cc2ccccc2C[C@H]1C(=O)O,no match,no match,0.21875,0,0,0,CLEAR
C[C@H]1CN(C[C@H](Cc2ccccc2)C(=O)NCC(=O)O)CC[C@@]1(C)c1cccc(O)c1,no match,no match,0.1935483870967742,0,0,0,CLEAR
C=C1[C@@H](n2cnc3c(=O)[nH]c(N)nc32)C[C@H](O)[C@H]1CO,no match,no match,0.4,0,0,0,CLEAR
COc1cc2c(cc1OC)CC(=O)N(CCCN(C)C[C@H]1Cc3cc(OC)c(OC)cc31)CC2,no match,no match,0.20588235294117646,0,0,0,CLEAR
CCCCS(=O)(=O)N[C@@H](Cc1ccc(OCCCCC2CCNCC2)cc1)C(=O)O,no match,no match,0.23333333333333334,0,0,0,CLEAR
OC[C@H]1O[C@@H](n2cnc3c2N=CNC[C@H]3O)C[C@@H]1O,no match,no match,0.42105263157894735,0,0,0,CLEAR
COc1ccc2c3c1O[C@H]1[C@@H](O)C=C[C@H]4[C@@H](C2)N(C)CC[C@]314,no match,no match,0.18181818181818182,0,0,0,CLEAR
Clc1ccccc1C(c1ccccc1)(c1ccccc1)n1ccnc1,no match,no match,0.08,0,0,0,CLEAR
CCOC(=O)[C@H](CCc1ccccc1)N[C@@H](C)C(=O)N1Cc2cc(OC)c(OC)cc2C[C@H]1C(=O)O,no match,no match,0.25,0,0,0,CLEAR
CC[C@H](C)C(=O)O[C@H]1C[C@@H](C)C=C2C=C[C@H](C)[C@H](CC[C@@H]3C[C@@H](O)CC(=O)O3)[C@H]21,no match,no match,0.1724137931034483,0,0,0,CLEAR
C[C@H](N[C@@H](CCc1ccccc1)C(=O)O)C(=O)N1CCC[C@H]1C(=O)O,no match,no match,0.28,0,0,0,CLEAR
NCCCC[C@H](N[C@@H](CCc1ccccc1)C(=O)O)C(=O)N1CCC[C@H]1C(=O)O,no match,no match,0.27586206896551724,0,0,0,CLEAR
CCC[C@H](N[C@@H](C)C(=O)N1[C@H](C(=O)O)C[C@@H]2CCCC[C@@H]21)C(=O)OCC,no match,no match,0.2692307692307692,0,0,0,CLEAR
C[C@@]12CC3CC(N)(C1)C[C@](C)(C3)C2,no match,no match,0.07692307692307693,0,0,0,CLEAR
CC(C)(C)NC[C@@H](O)COc1cccc2c1C[C@H](O)[C@H](O)C2,no match,no match,0.22727272727272727,0,0,0,CLEAR
CN1CC[C@]23c4c5ccc(O)c4O[C@H]2[C@@H](O)C=C[C@H]3[C@H]1C5,no match,no match,0.19047619047619047,0,0,0,CLEAR
CN1CC[C@]23CCCC[C@H]2[C@H]1Cc1ccc(O)cc13,no match,no match,0.10526315789473684,0,0,0,CLEAR
Oc1ccc2c(c1)[C@@]13CCCC[C@@]1(O)[C@@H](C2)N(CC1CCC1)CC3,no match,no match,0.125,0,0,0,CLEAR
Oc1ccc2c3c1O[C@H]1[C@@H](O)CC[C@@]4(O)[C@@H](C2)N(CC2CCC2)CC[C@]314,no match,no match,0.19230769230769232,0,0,0,CLEAR
C[C@]12COC(=O)C[C@@H]1CC[C@@H]1[C@@H]2CC[C@@]2(C)[C@H]1CC[C@]2(C)O,no match,no match,0.13636363636363635,0,0,0,CLEAR
CCCCNc1cc(C(=O)O)cc(S(N)(=O)=O)c1Oc1ccccc1,no match,no match,0.28,0,0,0,CLEAR
C[C@@H](OC[C@@]1(c2ccccc2)CC[C@]2(CCC(=O)N2)CN1)c1cc(C(F)(F)F)cc(C(F)(F)F)c1,no match,no match,0.11428571428571428,0,0,0,CLEAR
Cc1nnc(C(C)C)n1C1C[C@@H]2CC[C@H](C1)N2CC[C@H](NC(=O)C1CCC(F)(F)CC1)c1ccccc1,no match,no match,0.16216216216216217,0,0,0,CLEAR
C[C@@H]1CCN(C(=O)CC#N)C[C@@H]1N(C)c1ncnc2[nH]ccc12,no match,no match,0.30434782608695654,0,0,0,CLEAR
CCOc1ccc(Cc2cc([C@@H]3O[C@H](CO)[C@@H](O)[C@H](O)[C@H]3O)ccc2Cl)cc1,no match,no match,0.21428571428571427,0,0,0,CLEAR
CC#CCn1c(N2CCC[C@@H](N)C2)nc2c1c(=O)n(Cc1nc(C)c3ccccc3n1)c(=O)n2C,no match,no match,0.2857142857142857,0,0,0,CLEAR
CN1CCC[C@@H]1Cc1c[nH]c2ccc(CCS(=O)(=O)c3ccccc3)cc12,no match,no match,0.14814814814814814,0,0,0,CLEAR
COc1nc(N)nc2c1ncn2[C@@H]1O[C@H](CO)[C@@H](O)[C@@H]1O,no match,no match,0.47619047619047616,0,0,0,CLEAR
COc1c(N2C[C@@H]3CCCN[C@@H]3C2)c(F)cc2c(=O)c(C(=O)O)cn(C3CC3)c12,no match,no match,0.2413793103448276,0,0,0,CLEAR
CC(C)(C)NC[C@H](O)COc1cccc2c1CCCC2=O,no match,no match,0.19047619047619047,0,0,0,CLEAR
C=CCC1(CC(C)C)C(=O)NC(=O)NC1=O,no match,no match,0.3125,0,0,0,CLEAR
CCOC(=O)C1(c2ccccc2)CCN(CCC(C#N)(c2ccccc2)c2ccccc2)CC1,no match,no match,0.11764705882352941,0,0,0,CLEAR
O=C(NC[C@@H]1CCCCN1)c1cc(OCC(F)(F)F)ccc1OCC(F)(F)F,no match,no match,0.17857142857142858,0,0,0,CLEAR
Cc1c(OCC(F)(F)F)ccnc1C[S@](=O)c1nc2ccccc2[nH]1,no match,no match,0.2,0,0,0,CLEAR
CC[C@H](C(N)=O)N1CCCC1=O,no match,no match,0.3333333333333333,0,0,0,CLEAR
NC(=O)C[S@](=O)C(c1ccccc1)c1ccccc1,no match,no match,0.15789473684210525,0,0,0,CLEAR
CC(C)(C)NC[C@H](O)COc1cccc2c1C[C@H](O)[C@H](O)C2,no match,no match,0.22727272727272727,0,0,0,CLEAR
C=C[C@H]1CN2CC[C@H]1C[C@H]2[C@H](O)c1ccnc2ccc(OC)cc12,no match,no match,0.16666666666666666,0,0,0,CLEAR
C=C[C@H]1CN2CC[C@H]1C[C@@H]2[C@@H](O)c1ccnc2ccc(OC)cc12,no match,no match,0.16666666666666666,0,0,0,CLEAR
C[C@H](N)C12CC3CC(CC(C3)C1)C2,no match,no match,0.07692307692307693,0,0,0,CLEAR
C[C@@H](N)C12CC3CC(CC(C3)C1)C2,no match,no match,0.07692307692307693,0,0,0,CLEAR
C[C@@H](S)C(=O)NCC(=O)O,no match,no match,0.4,0,0,0,CLEAR
C[C@@H](CN(C)C)CN1c2ccccc2CCc2ccccc21,no match,no match,0.09090909090909091,0,0,0,CLEAR
COC(=O)/C=C/C(=O)OC,no match,no match,0.4,0,0,0,CLEAR
O=C(O)CCCN1CCC(O[C@H](c2ccc(Cl)cc2)c2ccccn2)CC1,no match,no match,0.18518518518518517,0,0,0,CLEAR
COCCCC/C(=N\OCCN)c1ccc(C(F)(F)F)cc1,no match,no match,0.18181818181818182,0,0,0,CLEAR
CC(=O)N1CCN(c2ccc(OC[C@H]3CO[C@@](Cn4ccnc4)(c4ccc(Cl)cc4Cl)O3)cc2)CC1,no match,no match,0.2222222222222222,0,0,0,CLEAR
CCCCc1nc(Cl)c(CO)n1Cc1ccc(-c2ccccc2-c2nn[nH]n2)cc1,no match,no match,0.23333333333333334,0,0,0,CLEAR
CC(C)N1CCN(c2ccc(OC[C@H]3CO[C@](Cn4cncn4)(c4ccc(Cl)cc4Cl)O3)cc2)CC1,no match,no match,0.2222222222222222,0,0,0,CLEAR
O[C@@H](c1cc(C(F)(F)F)nc2c(C(F)(F)F)cccc12)[C@@H]1CCCCN1,no match,no match,0.11538461538461539,0,0,0,CLEAR
C=CCC1([C@H](C)CCC)C(=O)NC(=O)NC1=O,no match,no match,0.29411764705882354,0,0,0,CLEAR
CCCCC(=O)N(Cc1ccc(-c2ccccc2-c2nn[nH]n2)cc1)[C@H](C(=O)O)C(C)C,no match,no match,0.25,0,0,0,CLEAR
COc1cc2c(cc1OC)[C@@H]1CC(=O)[C@H](CC(C)C)CN1CC2,no match,no match,0.17391304347826086,0,0,0,CLEAR
COc1cc2c(cc1OC)[C@@H]1CC(=O)[C@@H](CC(C)C)CN1CC2,no match,no match,0.17391304347826086,0,0,0,CLEAR
CN1CC[C@]23c4c5ccc(O)c4O[C@H]2C(=O)CC[C@@]3(O)[C@H]1C5,no match,no match,0.22727272727272727,0,0,0,CLEAR
C=CC[C@@]1([C@@H](C)C#CCC)C(=O)NC(=O)N(C)C1=O,no match,no match,0.2631578947368421,0,0,0,CLEAR
C=CC[C@]1([C@H](C)C#CCC)C(=O)NC(=O)N(C)C1=O,no match,no match,0.2631578947368421,0,0,0,CLEAR
C#C[C@]1(O)CC[C@H]2[C@@H]3CCC4=Cc5oncc5C[C@]4(C)[C@H]3CC[C@@]21C,no match,no match,0.12,0,0,0,CLEAR
CCOc1cc2ncc(C#N)c(Nc3ccc(OCc4ccccn4)c(Cl)c3)c2cc1NC(=O)/C=C/CN(C)C,no match,no match,0.225,0,0,0,CLEAR
CC(C)c1c(C(=O)Nc2ccccc2)c(-c2ccccc2)c(-c2ccc(F)cc2)n1CC[C@@H](O)C[C@@H](O)CC(=O)O,no match,no match,0.17073170731707318,0,0,0,CLEAR
O=C1[C@H]2[C@@H]3CC[C@@H](C3)[C@H]2C(=O)N1C[C@@H]1CCCC[C@H]1CN1CCN(c2nsc3ccccc23)CC1,no match,no match,0.17142857142857143,0,0,0,CLEAR
CCOC(=O)C1=C[C@@H](OC(CC)CC)[C@H](NC(C)=O)[C@@H](N)C1,no match,no match,0.2727272727272727,0,0,0,CLEAR
C=C[C@]1(C)C[C@@H](OC(=O)CSC2C[C@@H]3CC[C@H](C2)N3C)[C@]2(C)[C@H](C)CC[C@]3(CCC(=O)[C@H]32)[C@@H](C)[C@@H]1O,no match,no match,0.1388888888888889,0,0,0,CLEAR
C[C@]12CC[C@H]3[C@@H](CC[C@H]4NC(=O)C=C[C@]34C)[C@@H]1CC[C@@H]2C(=O)Nc1cc(C(F)(F)F)ccc1C(F)(F)F,no match,no match,0.10810810810810811,0,0,0,CLEAR
CC[C@@H]([C@H](C)O)n1ncn(-c2ccc(N3CCN(c4ccc(OC[C@@H]5CO[C@@](Cn6cncn6)(c6ccc(F)cc6F)C5)cc4)CC3)cc2)c1=O,no match,no match,0.23529411764705882,0,0,0,CLEAR
CC(=O)c1c(C)c2cnc(Nc3ccc(N4CCNCC4)cn3)nc2n(C2CCCC2)c1=O,no match,no match,0.2727272727272727,0,0,0,CLEAR
CCC(=O)NCC[C@@H]1CCc2ccc3c(c21)CCO3,no match,no match,0.15789473684210525,0,0,0,CLEAR
CN(C)C/C=C/C(=O)Nc1cc2c(Nc3ccc(F)c(Cl)c3)ncnc2cc1O[C@H]1CCOC1,no match,no match,0.23529411764705882,0,0,0,CLEAR
CCC[C@@H]1CC(=O)N([C@@H](CC)C(N)=O)C1,no match,no match,0.26666666666666666,0,0,0,CLEAR
CCC[C@@H]1C[C@@H](C(=O)N[C@H]([C@@H](C)O)[C@H]2O[C@H](SC)[C@H](O)[C@@H](O)[C@H]2O)N(C)C1,no match,no match,0.2962962962962963,0,0,0,CLEAR
Cc1nc(Nc2ncc(C(=O)Nc3c(C)cccc3Cl)s2)cc(N2CCN(CCO)CC2)n1,no match,no match,0.2727272727272727,0,0,0,CLEAR
C/C(=C\c1csc(C)n1)[C@@H]1C[C@@H]2O[C@]2(C)CCC[C@H](C)[C@H](O)[C@@H](C)C(=O)C(C)(C)[C@@H](O)CC(=O)N1,no match,no match,0.2,0,0,0,CLEAR
CCC[C@@H]1C[C@H](C(=O)N[C@H]([C@@H](C)O)[C@H]2O[C@H](SC)[C@H](O)[C@@H](O)[C@H]2O)N(C)C1,no match,no match,0.2962962962962963,0,0,0,CLEAR
CC[C@@H](C)n1ncn(-c2ccc(N3CCN(c4ccc(OC[C@H]5CO[C@](Cn6cncn6)(c6ccc(Cl)cc6Cl)O5)cc4)CC3)cc2)c1=O,no match,no match,0.24489795918367346,0,0,0,CLEAR
CC[C@H](C)n1ncn(-c2ccc(N3CCN(c4ccc(OC[C@H]5CO[C@](Cn6cncn6)(c6ccc(Cl)cc6Cl)O5)cc4)CC3)cc2)c1=O,no match,no match,0.24489795918367346,0,0,0,CLEAR
OCCN1C[C@H](O)[C@@H](O)[C@H](O)[C@H]1CO,no match,no match,0.42857142857142855,0,0,0,CLEAR
COc1ccnc(C[S@](=O)c2nc3ccc(OC(F)F)cc3[nH]2)c1OC,no match,no match,0.2692307692307692,0,0,0,CLEAR
Oc1nc2ccccc2n1C1CCN(CCCC(c2ccc(F)cc2)c2ccc(F)cc2)CC1,no match,no match,0.11764705882352941,0,0,0,CLEAR
O[C@@H](CNC[C@@H](O)[C@@H]1CCc2cc(F)ccc2O1)[C@@H]1CCc2cc(F)ccc2O1,no match,no match,0.1724137931034483,0,0,0,CLEAR
Cc1nc2n(c(=O)c1CCN1CCC(c3noc4cc(F)ccc34)CC1)CCC[C@@H]2O,no match,no match,0.22580645161290322,0,0,0,CLEAR
COc1ccc2c3c1O[C@H]1[C@@H](O)CC[C@H]4[C@@H](C2)N(C)CC[C@]314,no match,no match,0.18181818181818182,0,0,0,CLEAR
C[C@H](O)[C@@H](O)[C@@H]1CNc2nc(N)[nH]c(=O)c2N1,no match,no match,0.47058823529411764,0,0,0,CLEAR
C[C@@H](O)[C@@H](O)[C@@H]1CNc2[nH]c(N)nc(=O)c2N1,no match,no match,0.47058823529411764,0,0,0,CLEAR
CCC(=O)NC[C@@H]1C[C@H]1c1cccc2c1CCO2,no match,no match,0.16666666666666666,0,0,0,CLEAR
COCCCOc1cc(C[C@@H](C[C@H](N)[C@@H](O)C[C@H](C(=O)NCC(C)(C)C(N)=O)C(C)C)C(C)C)ccc1OC,no match,no match,0.23076923076923078,0,0,0,CLEAR
CCNC(=O)CCC/C=C\C[C@H]1[C@@H](O)C[C@@H](O)[C@@H]1/C=C/[C@@H](O)CCc1ccccc1,no match,no match,0.16666666666666666,0,0,0,CLEAR
CC(C)OC(=O)CCC/C=C\C[C@H]1[C@@H](O)C[C@@H](O)[C@@H]1/C=C/[C@@H](O)COc1cccc(C(F)(F)F)c1,no match,no match,0.17142857142857143,0,0,0,CLEAR
COCCCOc1ccnc(C[S@@](=O)c2nc3ccccc3[nH]2)c1C,no match,no match,0.24,0,0,0,CLEAR
Cc1cccc([C@H](C)c2cnc[nH]2)c1C,no match,no match,0.13333333333333333,0,0,0,CLEAR
COc1nc2ccc(Br)cc2cc1[C@@H](c1ccccc1)[C@@](O)(CCN(C)C)c1cccc2ccccc12,no match,no match,0.10810810810810811,0,0,0,CLEAR
O=C(O)CO,no match,no match,0.6,0,0,0,CLEAR
C[C@H](O)C(=O)O,no match,no match,0.5,0,0,0,CLEAR
C[C@@H](O)C(=O)O,no match,no match,0.5,0,0,0,CLEAR
COc1ccnc(C[S@@](=O)c2nc3ccc(OC(F)F)cc3[nH]2)c1OC,no match,no match,0.2692307692307692,0,0,0,CLEAR
COc1ccc2nc([S@](=O)Cc3ncc(C)c(OC)c3C)[nH]c2c1,no match,no match,0.25,0,0,0,CLEAR
COc1ccc2nc([S@@](=O)Cc3ncc(C)c(OC)c3C)[nH]c2c1,no match,no match,0.25,0,0,0,CLEAR
Oc1ccccc1,no match,no match,0.14285714285714285,0,0,0,CLEAR
C/C(O)=N/S(=O)(=O)c1ccc(N)cc1,no match,no match,0.35714285714285715,0,0,0,CLEAR
CS(C)=O,no match,no match,0.25,0,0,0,CLEAR
O[C@@H](CNC[C@@H](O)[C@H]1CCc2cc(F)ccc2O1)[C@@H]1CCc2cc(F)ccc2O1,no match,no match,0.1724137931034483,0,0,0,CLEAR
O[C@@H](CNC[C@H](O)[C@@H]1CCc2cc(F)ccc2O1)[C@@H]1CCc2cc(F)ccc2O1,no match,no match,0.1724137931034483,0,0,0,CLEAR
C[C@H](N)Cc1ccccc1,no match,no match,0.1,0,0,0,CLEAR
CN[C@@H](C)Cc1ccccc1,no match,no match,0.09090909090909091,0,0,0,CLEAR
C[C@@H](N)Cc1ccccc1,no match,no match,0.1,0,0,0,CLEAR
O=C1c2cccc3c2[C@@H](CCC3)CN1[C@@H]1CN2CCC1CC2,no match,no match,0.13636363636363635,0,0,0,CLEAR
COc1cc(Cc2cnc(N)nc2N)cc(OC)c1OC,no match,no match,0.3333333333333333,0,0,0,CLEAR
Cc1cn(-c2cc(NC(=O)c3ccc(C)c(Nc4nccc(-c5cccnc5)n4)c3)cc(C(F)(F)F)c2)cn1,no match,no match,0.20512820512820512,0,0,0,CLEAR
C[C@H]1CNCCc2ccc(Cl)cc21,no match,no match,0.07692307692307693,0,0,0,CLEAR
CN(C/C=C\c1ccccc1)Cc1cccc2ccccc12,no match,no match,0.045454545454545456,0,0,0,CLEAR
CN(C)CCO[C@](C)(c1ccccc1)c1ccccn1,no match,no match,0.15,0,0,0,CLEAR
NCCS,no match,no match,0.25,0,0,0,CLEAR
CC(C)(N)Cc1ccccc1,no match,no match,0.09090909090909091,0,0,0,CLEAR
CN[C@H](C)Cc1ccccc1,no match,no match,0.09090909090909091,0,0,0,CLEAR
COc1cc2c(cc1OC)[C@H]1CC(=O)[C@@H](CC(C)C)CN1CC2,no match,no match,0.17391304347826086,0,0,0,CLEAR
Nc1nc(O)c2nc(CNc3ccc(C(=O)N[C@@H](CCC(=O)O)C(=O)O)cc3)cnc2n1,no match,no match,0.40625,0,0,0,CLEAR
Nc1nc2c(c(=O)[nH]1)N(C=O)[C@@H](CNc1ccc(C(=O)N[C@@H](CCC(=O)O)C(=O)O)cc1)CN2,no match,no match,0.4117647058823529,0,0,0,CLEAR
Nc1nc2c(c(=O)[nH]1)N(C=O)[C@H](CNc1ccc(C(=O)N[C@@H](CCC(=O)O)C(=O)O)cc1)CN2,no match,no match,0.4117647058823529,0,0,0,CLEAR
Cc1[nH]c(=O)c(C#N)cc1-c1ccncc1,no match,no match,0.25,0,0,0,CLEAR
CC(C)c1c(C(=O)Nc2ccccc2)c(-c2ccccc2)c(-c2ccc(F)cc2)n1CC[C@H](O)C[C@@H](O)CC(=O)O,no match,no match,0.17073170731707318,0,0,0,CLEAR
CC(C)c1c(C(=O)Nc2ccccc2)c(-c2ccccc2)c(-c2ccc(F)cc2)n1CC[C@@H](O)C[C@H](O)CC(=O)O,no match,no match,0.17073170731707318,0,0,0,CLEAR
CC(C)c1c(C(=O)Nc2ccccc2)c(-c2ccccc2)c(-c2ccc(F)cc2)n1CC[C@H](O)C[C@H](O)CC(=O)O,no match,no match,0.17073170731707318,0,0,0,CLEAR
C#CC[C@H](Cc1cnc2nc(N)nc(N)c2n1)c1ccc(C(=O)N[C@@H](CCC(=O)O)C(=O)O)cc1,no match,no match,0.34285714285714286,0,0,0,CLEAR
Cc1ccc(Nc2nccc(N(C)c3ccc4c(C)n(C)nc4c3)n2)cc1S(N)(=O)=O,no match,no match,0.2903225806451613,0,0,0,CLEAR
CN1C[C@@H]2c3ccccc3Oc3ccc(Cl)cc3[C@@H]2C1,no match,no match,0.1,0,0,0,CLEAR
COc1ccc(-n2nc(C(N)=O)c3c2C(=O)N(c2ccc(N4CCCCC4=O)cc2)CC3)cc1,no match,no match,0.2647058823529412,0,0,0,CLEAR
COc1ccc(CNc2nc(N3CCC[C@H]3CO)ncc2/C(O)=N/Cc2ncccn2)cc1Cl,no match,no match,0.29411764705882354,0,0,0,CLEAR
C[C@@H](Cc1ccccc1)NC(=O)[C@@H](N)CCCCN,no match,no match,0.21052631578947367,0,0,0,CLEAR
O[C@H](CNC[C@@H](O)[C@@H]1CCc2cc(F)ccc2O1)[C@@H]1CCc2cc(F)ccc2O1,no match,no match,0.1724137931034483,0,0,0,CLEAR
Cc1ccccc1-c1cc(N2CCN(C)CC2)ncc1N(C)C(=O)C(C)(C)c1cc(C(F)(F)F)cc(C(F)(F)F)c1,no match,no match,0.12195121951219512,0,0,0,CLEAR
CCOC(=O)c1ccc(N)cc1,no match,no match,0.25,0,0,0,CLEAR
COCCCC/C(=N/OCCN)c1ccc(C(F)(F)F)cc1,no match,no match,0.18181818181818182,0,0,0,CLEAR
CC(C)OC(=O)CCC/C=C\C[C@H]1[C@@H](O)C[C@@H](O)[C@@H]1CC[C@@H](O)CCc1ccccc1,no match,no match,0.16129032258064516,0,0,0,CLEAR
C/C=C\C(=O)N(CC)c1ccccc1C,no match,no match,0.13333333333333333,0,0,0,CLEAR
Cc1ccc(/C(=C\CN2CCCC2)c2ccccn2)cc1,no match,no match,0.09523809523809523,0,0,0,CLEAR
Cc1nc2c([nH]1)-c1ccccc1N(C(=O)c1ccc(NC(=O)c3ccccc3-c3ccccc3)cc1)CC2,no match,no match,0.15789473684210525,0,0,0,CLEAR
O=c1[nH]cnc2[nH]ncc12,no match,no match,0.5,0,0,0,CLEAR
Cc1nc[nH]c1CN1CCc2c(c3ccccc3n2C)C1=O,no match,no match,0.22727272727272727,0,0,0,CLEAR
CCC[C@@H](C)C1(CC)C(=O)NC(=O)NC1=O,no match,no match,0.3125,0,0,0,CLEAR
CCC[C@H](C)C1(CC)C(=O)NC(=O)NC1=O,no match,no match,0.3125,0,0,0,CLEAR
C/C(O)=N\c1ccc(O)cc1,no match,no match,0.2727272727272727,0,0,0,CLEAR
C[C@H](O)[C@H](O)[C@H]1CNc2nc(N)[nH]c(=O)c2N1,no match,no match,0.47058823529411764,0,0,0,CLEAR
CC#CC[C@H](C)[C@H](O)/C=C/[C@@H]1[C@H]2C/C(=C/CCCC(=O)O)C[C@H]2C[C@H]1O,no match,no match,0.15384615384615385,0,0,0,CLEAR
N#C[C@@H]1C[C@@H]2C[C@@H]2N1C(=O)[C@@H](N)C12C[C@@H]3C[C@@H](CC(O)(C3)C1)C2,no match,no match,0.21739130434782608,0,0,0,CLEAR
COc1cc2c(cc1Cc1cccc(Cl)c1F)c(=O)c(C(=O)O)cn2[C@H](CO)C(C)C,no match,no match,0.1935483870967742,0,0,0,CLEAR
Cc1nnc(C(=O)NC(C)(C)c2nc(/C(O)=N/Cc3ccc(F)cc3)c(O)c(=O)n2C)o1,no match,no match,0.34375,0,0,0,CLEAR
Cc1ccc(/C=C2/C(=O)[C@]3(C)CC[C@H]2C3(C)C)cc1,no match,no match,0.05263157894736842,0,0,0,CLEAR
CC(C)OC(=O)CCC/C=C\C[C@H]1[C@@H](O)C[C@@H](O)[C@@H]1/C=C/C(F)(F)COc1ccccc1,no match,no match,0.15625,0,0,0,CLEAR
CC[C@H](Nc1ncnc2[nH]cnc12)c1nc2cccc(F)c2c(=O)n1-c1ccccc1,no match,no match,0.25806451612903225,0,0,0,CLEAR
CCOc1nc2cccc(C(=O)OCc3oc(=O)oc3C)c2n1Cc1ccc(-c2ccccc2-c2noc(=O)[nH]2)cc1,no match,no match,0.2857142857142857,0,0,0,CLEAR
COc1ccc(CN(C(=O)[C@@H](N)Cc2c(C)cc(C(N)=O)cc2C)[C@@H](C)c2nc(-c3ccccc3)c[nH]2)cc1C(=O)O,no match,no match,0.23809523809523808,0,0,0,CLEAR
Cn1c(=O)cc(N2CCC[C@@H](N)C2)n(Cc2ccccc2C#N)c1=O,no match,no match,0.28,0,0,0,CLEAR
CCCC[C@@H](CC)COC(=O)/C=C\c1ccc(OC)cc1,no match,no match,0.14285714285714285,0,0,0,CLEAR
CCCC[C@H](CC)COC(=O)/C=C\c1ccc(OC)cc1,no match,no match,0.14285714285714285,0,0,0,CLEAR
Cn1c(=O)c2[nH]cnc2n(C)c1=O,no match,no match,0.46153846153846156,0,0,0,CLEAR
CCCc1nc(C)c2c(=O)[nH]c(-c3cc(S(=O)(=O)N4CCN(CC)CC4)ccc3OCC)nn12,no match,no match,0.29411764705882354,0,0,0,CLEAR
CC(C)Nc1cccnc1N1CCN(C(=O)c2cc3cc(NS(C)(=O)=O)ccc3[nH]2)CC1,no match,no match,0.28125,0,0,0,CLEAR
COc1ccc(CN(CCN(C)C)c2ccccn2)cc1,no match,no match,0.19047619047619047,0,0,0,CLEAR
CCN(CC)CCC[C@@H](C)Nc1ccnc2cc(Cl)ccc12,no match,no match,0.13636363636363635,0,0,0,CLEAR
CCN(CC)CCC[C@H](C)Nc1ccnc2cc(Cl)ccc12,no match,no match,0.13636363636363635,0,0,0,CLEAR
CN1CCN(C(c2ccccc2)c2ccccc2)CC1,no match,no match,0.1,0,0,0,CLEAR
OCCN1CCN(CCCN2c3ccccc3Sc3ccc(C(F)(F)F)cc32)CC1,no match,no match,0.13333333333333333,0,0,0,CLEAR
OCCN1CCN(CCCN2c3ccccc3Sc3ccc(Cl)cc32)CC1,no match,no match,0.14814814814814814,0,0,0,CLEAR
Cc1cccc(CN2CCN([C@H](c3ccccc3)c3ccc(Cl)cc3)CC2)c1,no match,no match,0.07142857142857142,0,0,0,CLEAR
CN1CCN([C@H](c2ccccc2)c2ccc(Cl)cc2)CC1,no match,no match,0.09523809523809523,0,0,0,CLEAR
CN1CCN([C@@H](c2ccccc2)c2ccc(Cl)cc2)CC1,no match,no match,0.09523809523809523,0,0,0,CLEAR
CC[C@@H](CO)NCCN[C@@H](CC)CO,no match,no match,0.2857142857142857,0,0,0,CLEAR
OCCOCCN1CCN([C@@H](c2ccccc2)c2ccc(Cl)cc2)CC1,no match,no match,0.15384615384615385,0,0,0,CLEAR
OCCOCCN1CCN([C@H](c2ccccc2)c2ccc(Cl)cc2)CC1,no match,no match,0.15384615384615385,0,0,0,CLEAR
O=C(O)COCCN1CCN([C@@H](c2ccccc2)c2ccc(Cl)cc2)CC1,no match,no match,0.18518518518518517,0,0,0,CLEAR
O=C(O)COCCN1CCN([C@H](c2ccccc2)c2ccc(Cl)cc2)CC1,no match,no match,0.18518518518518517,0,0,0,CLEAR
CN1CCN(CCCN2c3ccccc3Sc3ccc(C(F)(F)F)cc32)CC1,no match,no match,0.10714285714285714,0,0,0,CLEAR
Cc1cccc(CN2CCN([C@@H](c3ccccc3)c3ccc(Cl)cc3)CC2)c1,no match,no match,0.07142857142857142,0,0,0,CLEAR
CCCCOc1ccc(OCCCN2CCOCC2)cc1,no match,no match,0.19047619047619047,0,0,0,CLEAR
Clc1ccccc1CN1CCc2sccc2C1,no match,no match,0.058823529411764705,0,0,0,CLEAR
COc1cc2ncnc(Nc3ccc(F)c(Cl)c3)c2cc1OCCCN1CCOCC1,no match,no match,0.22580645161290322,0,0,0,CLEAR
Cc1ccc(NC(=O)c2ccc(CN3CCN(C)CC3)cc2)cc1Nc1nccc(-c2cccnc2)n1,no match,no match,0.21621621621621623,0,0,0,CLEAR
C#CCN(C)[C@H](C)Cc1ccccc1,no match,no match,0.07142857142857142,0,0,0,CLEAR
CCN1C[C@@H](CCN2CCOCC2)C(c2ccccc2)(c2ccccc2)C1=O,no match,no match,0.14285714285714285,0,0,0,CLEAR
CCN1C[C@H](CCN2CCOCC2)C(c2ccccc2)(c2ccccc2)C1=O,no match,no match,0.14285714285714285,0,0,0,CLEAR
CC(C)Cn1cnc2c(N)nc3ccccc3c21,no match,no match,0.2222222222222222,0,0,0,CLEAR
CN1CCN(CCCN2c3ccccc3Sc3ccc(Cl)cc32)CC1,no match,no match,0.12,0,0,0,CLEAR
O=C(CCCN1CC=C(n2c(=O)[nH]c3ccccc32)CC1)c1ccc(F)cc1,no match,no match,0.17857142857142858,0,0,0,CLEAR
CCCc1nn(C)c2c(=O)[nH]c(-c3cc(S(=O)(=O)N4CCN(C)CC4)ccc3OCC)nc12,no match,no match,0.30303030303030304,0,0,0,CLEAR
C#CCN[C@@H]1CCc2ccccc21,no match,no match,0.07692307692307693,0,0,0,CLEAR
COc1c(C)c2c(c(O)c1C/C=C(\C)CCC(=O)OCCN1CCOCC1)C(=O)OC2,no match,no match,0.25806451612903225,0,0,0,CLEAR
CCc1c(C)[nH]c2c1C(=O)[C@H](CN1CCOCC1)CC2,no match,no match,0.2,0,0,0,CLEAR
CCc1c(C)[nH]c2c1C(=O)[C@@H](CN1CCOCC1)CC2,no match,no match,0.2,0,0,0,CLEAR
C[C@@H]1[C@@H](c2ccccc2)OCCN1C,no match,no match,0.14285714285714285,0,0,0,CLEAR
C[C@H]1[C@@H](c2ccccc2)OCCN1C,no match,no match,0.14285714285714285,0,0,0,CLEAR
C[C@@H]1[C@H](c2ccccc2)OCCN1C,no match,no match,0.14285714285714285,0,0,0,CLEAR
C[C@H]1[C@H](c2ccccc2)OCCN1C,no match,no match,0.14285714285714285,0,0,0,CLEAR
C#CCN(C)[C@@H](C)Cc1ccccc1,no match,no match,0.07142857142857142,0,0,0,CLEAR
CO/N=C1\CN(c2nc3c(cc2F)c(=O)c(C(=O)O)cn3C2CC2)C[C@@H]1CN,no match,no match,0.32142857142857145,0,0,0,CLEAR
CO/N=C1\CN(c2nc3c(cc2F)c(=O)c(C(=O)O)cn3C2CC2)C[C@H]1CN,no match,no match,0.32142857142857145,0,0,0,CLEAR
COc1cc(Nc2c(C#N)cnc3cc(OCCCN4CCN(C)CC4)c(OC)cc23)c(Cl)cc1Cl,no match,no match,0.2222222222222222,0,0,0,CLEAR
CC[C@@H]([C@H](C)O)n1ncn(-c2ccc(N3CCN(c4ccc(OC[C@H]5CO[C@@](Cn6cncn6)(c6ccc(F)cc6F)C5)cc4)CC3)cc2)c1=O,no match,no match,0.23529411764705882,0,0,0,CLEAR
CCCSc1nc(N[C@@H]2C[C@H]2c2ccc(F)c(F)c2)c2nnn([C@@H]3C[C@H](OCCO)[C@@H](O)[C@H]3O)c2n1,no match,no match,0.2777777777777778,0,0,0,CLEAR
O=C(O)[C@@H]1N=C(c2ccccc2)c2cc(Cl)ccc2NC1=O,no match,no match,0.22727272727272727,0,0,0,CLEAR
O=C(O)[C@H]1N=C(c2ccccc2)c2cc(Cl)ccc2NC1=O,no match,no match,0.22727272727272727,0,0,0,CLEAR
CCOc1cc([C@@H](CS(C)(=O)=O)N2C(=O)c3cccc(NC(C)=O)c3C2=O)ccc1OC,no match,no match,0.28125,0,0,0,CLEAR
Cc1ccc(/C(=C/CN2CCCC2)c2cccc(/C=C/C(=O)O)n2)cc1,no match,no match,0.15384615384615385,0,0,0,CLEAR
Cc1ccc(Sc2ccccc2N2CCNCC2)c(C)c1,no match,no match,0.09523809523809523,0,0,0,CLEAR
CN1C[C@@H]2c3cc(Cl)ccc3Oc3ccccc3[C@@H]2C1,no match,no match,0.1,0,0,0,CLEAR
CNc1ccc(-c2nc3ccc(O)cc3s2)cc1F,no match,no match,0.15789473684210525,0,0,0,CLEAR
COc1ccc(CC(C)(C)NC[C@H](O)c2cc(O)cc3c2OCC(=O)N3)cc1,no match,no match,0.25,0,0,0,CLEAR
N[C@@H]1CON=C1O,no match,no match,0.5714285714285714,0,0,0,CLEAR
COC(=O)[C@H](c1ccccc1Cl)N1CCc2sccc2C1,no match,no match,0.14285714285714285,0,0,0,CLEAR
O=C(O)CCCC[C@@H]1SC[C@@H]2N=C(O)N[C@H]12,no match,no match,0.3125,0,0,0,CLEAR
CC(=O)Oc1cc2c(s1)CCN([C@H](C(=O)C1CC1)c1ccccc1F)C2,no match,no match,0.15384615384615385,0,0,0,CLEAR
CC(=O)Oc1cc2c(s1)CCN([C@@H](C(=O)C1CC1)c1ccccc1F)C2,no match,no match,0.15384615384615385,0,0,0,CLEAR
CCc1cc2c(cc1CC)CC(NC[C@H](O)c1ccc(O)c3[nH]c(=O)ccc13)C2,no match,no match,0.1724137931034483,0,0,0,CLEAR
CN[C@]1(c2ccccc2Cl)CCCCC1=O,no match,no match,0.125,0,0,0,CLEAR
CN[C@@]1(c2ccccc2Cl)CCCCC1=O,no match,no match,0.125,0,0,0,CLEAR
OC[C@H]1O[C@@H](c2ccc(Cl)c(Cc3ccc(O[C@H]4CCOC4)cc3)c2)[C@H](O)[C@@H](O)[C@@H]1O,no match,no match,0.22580645161290322,0,0,0,CLEAR
Cc1ccc(C(=O)Nc2ccc(CN3CCN(C)CC3)c(C(F)(F)F)c2)cc1C#Cc1cnc2cccnn12,no match,no match,0.1794871794871795,0,0,0,CLEAR
CN[C@]1(C)[C@@H]2CC[C@@H](C2)C1(C)C,no match,no match,0.08333333333333333,0,0,0,CLEAR
COc1c(N2CCN[C@@H](C)C2)c(F)cc2c(=O)c(C(=O)O)cn(C3CC3)c12,no match,no match,0.25925925925925924,0,0,0,CLEAR
O=c1[nH]cc(F)c(=O)[nH]1,no match,no match,0.4444444444444444,0,0,0,CLEAR
O=C(c1cc(Cc2n[nH]c(=O)c3ccccc23)ccc1F)N1CCN(C(=O)C2CC2)CC1,no match,no match,0.21875,0,0,0,CLEAR
CS(=O)(=O)c1ccc(C(=O)Nc2ccc(Cl)c(-c3ccccn3)c2)c(Cl)c1,no match,no match,0.18518518518518517,0,0,0,CLEAR
CCCNS(=O)(=O)Nc1ncnc(OCCOc2ncc(Br)cn2)c1-c1ccc(Br)cc1,no match,no match,0.3125,0,0,0,CLEAR
NC(=O)c1cccc2cn(-c3ccc([C@@H]4CCCNC4)cc3)nc12,no match,no match,0.20833333333333334,0,0,0,CLEAR
Cc1ccc([C@@H]2O[C@H](CO)[C@@H](O)[C@H](O)[C@H]2O)cc1Cc1ccc(-c2ccc(F)cc2)s1,no match,no match,0.16129032258064516,0,0,0,CLEAR
N#CC[C@H](C1CCCC1)n1cc(-c2ncnc3[nH]ccc23)cn1,no match,no match,0.2608695652173913,0,0,0,CLEAR
CN[C@@]1(C)[C@@H]2CC[C@@H](C2)C1(C)C,no match,no match,0.08333333333333333,0,0,0,CLEAR
Cc1ccc(-n2nccn2)c(C(=O)N2CCN(c3nc4cc(Cl)ccc4o3)CC[C@H]2C)c1,no match,no match,0.25,0,0,0,CLEAR
O=C(O)CCc1nc(-c2ccccc2)c(-c2ccccc2)o1,no match,no match,0.18181818181818182,0,0,0,CLEAR
CCCCc1oc2ccc(NS(C)(=O)=O)cc2c1C(=O)c1ccc(OCCCN(CCCC)CCCC)cc1,no match,no match,0.1794871794871795,0,0,0,CLEAR
CN1C(C(=O)Nc2ccccn2)=C(O)c2ccccc2S1(=O)=O,no match,no match,0.30434782608695654,0,0,0,CLEAR
C/C(=C\c1csc(C)n1)[C@@H]1C[C@@H]2O[C@]2(C)CCC[C@H](C)[C@H](O)[C@H](C)C(=O)C(C)(C)[C@H](O)CC(=O)N1,no match,no match,0.2,0,0,0,CLEAR
CC(C)(C)c1cc(C(C)(C)C)c(NC(=O)c2c[nH]c3ccccc3c2=O)cc1O,no match,no match,0.1724137931034483,0,0,0,CLEAR
O=c1[nH]c2ccccc2n1CCN1CCN(c2cccc(C(F)(F)F)c2)CC1,no match,no match,0.17857142857142858,0,0,0,CLEAR
C[C@H](NCc1ccc(OCc2cccc(F)c2)cc1)C(N)=O,no match,no match,0.18181818181818182,0,0,0,CLEAR
CCN(CC)CCS(=O)(=O)[C@@H]1CCN2C(=O)c3coc(n3)CC(=O)C[C@H](O)/C=C(C)\C=C/CNC(=O)/C=C\[C@@H](C)[C@@H](C(C)C)OC(=O)[C@H]12,no match,no match,0.2708333333333333,0,0,0,CLEAR
COc1cc2/c(=N\c3ccc(Br)cc3F)nc[nH]c2cc1OCC1CCN(C)CC1,no match,no match,0.2,0,0,0,CLEAR
CCN(CC)CCS(=O)(=O)[C@@H]1CCN2C(=O)c3coc(n3)CC(=O)C[C@H](O)/C=C(C)\C=C/CNC(=O)/C=C\[C@@H](C)[C@@H](C(C)C)OC(=O)[C@@H]12,no match,no match,0.2708333333333333,0,0,0,CLEAR
C[C@@H]1CCO[C@H]2Cn3cc(C(=O)NCc4ccc(F)cc4F)c(=O)c(O)c3C(=O)N21,no match,no match,0.26666666666666666,0,0,0,CLEAR
Cc1ccc(NC(=O)C2(c3ccc4c(c3)OC(F)(F)O4)CC2)nc1-c1cccc(C(=O)O)c1,no match,no match,0.21212121212121213,0,0,0,CLEAR
CCc1cc2c(cc1N1CCC(N3CCOCC3)CC1)C(C)(C)c1[nH]c3cc(C#N)ccc3c1C2=O,no match,no match,0.16666666666666666,0,0,0,CLEAR
Cc1c(C(=O)Nc2ccc(N3C[C@H](C)O[C@H](C)C3)nc2)cccc1-c1ccc(OC(F)(F)F)cc1,no match,no match,0.17142857142857143,0,0,0,CLEAR
CN(C)C(=O)c1cc2cnc(Nc3ccc(N4CCNCC4)cn3)nc2n1C1CCCC1,no match,no match,0.28125,0,0,0,CLEAR
CCN1CCN(Cc2ccc(Nc3ncc(F)c(-c4cc(F)c5nc(C)n(C(C)C)c5c4)n3)nc2)CC1,no match,no match,0.21621621621621623,0,0,0,CLEAR
CS(=O)(=O)c1cccc(C[C@H](NC(=O)c2c(Cl)cc3c(c2Cl)CCN(C(=O)c2ccc4ccoc4c2)C3)C(=O)O)c1,no match,no match,0.21951219512195122,0,0,0,CLEAR
O=c1[nH]c2cc(Cl)ccc2o1,no match,no match,0.2727272727272727,0,0,0,CLEAR
C[C@@H](CN1CC(=O)NC(=O)C1)N1CC(=O)NC(=O)C1,no match,no match,0.42105263157894735,0,0,0,CLEAR
COc1cc2nc(N3CCN(C(=O)[C@@H]4COc5ccccc5O4)CC3)nc(N)c2cc1OC,no match,no match,0.30303030303030304,0,0,0,CLEAR
COc1cc2nc(N3CCN(C(=O)[C@H]4COc5ccccc5O4)CC3)nc(N)c2cc1OC,no match,no match,0.30303030303030304,0,0,0,CLEAR
C=C[C@@H]1C[C@]1(NC(=O)[C@@H]1C[C@@H]2CN1C(=O)[C@H](C(C)(C)C)NC(=O)O[C@@H]1C[C@H]1CCCCCc1nc3ccc(OC)cc3nc1O2)/C(O)=N/S(=O)(=O)C1CC1,no match,no match,0.2777777777777778,0,0,0,CLEAR
COc1cc2nc(N3CCN(C(=O)[C@@H]4CCCO4)CC3)nc(N)c2cc1OC,no match,no match,0.32142857142857145,0,0,0,CLEAR
COc1cc2nc(N3CCN(C(=O)[C@H]4CCCO4)CC3)nc(N)c2cc1OC,no match,no match,0.32142857142857145,0,0,0,CLEAR
COc1cc2nc(N3CCN(C(=O)c4ccco4)CC3)nc(N)c2cc1OC,no match,no match,0.32142857142857145,0,0,0,CLEAR
COc1c(-c2ccc3cc(NS(C)(=O)=O)ccc3c2)cc(-n2ccc(=O)[nH]c2=O)cc1C(C)(C)C,no match,no match,0.22857142857142856,0,0,0,CLEAR
COc1ccccc1OC[C@@H](O)CN1CCN(CC(=O)Nc2c(C)cccc2C)CC1,no match,no match,0.22580645161290322,0,0,0,CLEAR
COc1ccccc1OC[C@H](O)CN1CCN(CC(=O)Nc2c(C)cccc2C)CC1,no match,no match,0.22580645161290322,0,0,0,CLEAR
Cc1ncc2n1-c1ccc(Cl)cc1C(c1ccccc1F)=NC2,no match,no match,0.13043478260869565,0,0,0,CLEAR
Cc1noc(NS(=O)(=O)c2ccc(N)cc2)c1C,no match,no match,0.3333333333333333,0,0,0,CLEAR
Cc1cc(Nc2ncc(Cl)c(Nc3ccccc3S(=O)(=O)C(C)C)n2)c(OC(C)C)cc1C1CCNCC1,no match,no match,0.21052631578947367,0,0,0,CLEAR
C[C@@]12CC3CC(N)(C1)C[C@@](C)(C3)C2,no match,no match,0.07692307692307693,0,0,0,CLEAR
C[C@]12CC3CC(N)(C1)C[C@](C)(C3)C2,no match,no match,0.07692307692307693,0,0,0,CLEAR
Cc1nnc(C(C)C)n1[C@H]1C[C@@H]2CC[C@H](C1)N2CC[C@H](NC(=O)C1CCC(F)(F)CC1)c1ccccc1,no match,no match,0.16216216216216217,0,0,0,CLEAR
O=C1O[C@H]([C@@H](O)CO)C(O)=C1O,no match,no match,0.5,0,0,0,CLEAR
NC[C@@H]1CC[C@@H](C(=O)O)CC1,no match,no match,0.2727272727272727,0,0,0,CLEAR
CN1[C@H]2CC[C@@H]1C[C@H](OC(=O)[C@@H](CO)c1ccccc1)C2,no match,no match,0.19047619047619047,0,0,0,CLEAR
CN1[C@H]2CC[C@@H]1C[C@H](OC(=O)[C@H](CO)c1ccccc1)C2,no match,no match,0.19047619047619047,0,0,0,CLEAR
O=C[C@H](O)[C@@H](O)[C@H](O)[C@H](O)CO,no match,no match,0.5,0,0,0,CLEAR
C=C[C@]1(C)C[C@@H](OC(=O)CS[C@H]2C[C@@H]3CC[C@H](C2)N3C)[C@]2(C)[C@H](C)CC[C@]3(CCC(=O)[C@H]32)[C@@H](C)[C@@H]1O,no match,no match,0.1388888888888889,0,0,0,CLEAR
CCC[C@@]1(CCc2ccccc2)CC(O)=C([C@H](CC)c2cccc(NS(=O)(=O)c3ccc(C(F)(F)F)cn3)c2)C(=O)O1,no match,no match,0.16666666666666666,0,0,0,CLEAR
COC(=O)/C=C\C(=O)OC,no match,no match,0.4,0,0,0,CLEAR
CN1[C@H]2CCC[C@@H]1C[C@H](NC(=O)c1nn(C)c3ccccc13)C2,no match,no match,0.21739130434782608,0,0,0,CLEAR
CN1[C@H]2CC[C@@H]1C[C@H](OC(c1ccccc1)c1ccccc1)C2,no match,no match,0.08695652173913043,0,0,0,CLEAR
CN[C@]1(C)[C@H]2CC[C@@H](C2)C1(C)C,no match,no match,0.08333333333333333,0,0,0,CLEAR
CN1[C@H]2C[C@H](OC(=O)[C@H](CO)c3ccccc3)C[C@@H]1[C@H]1O[C@@H]21,no match,no match,0.22727272727272727,0,0,0,CLEAR
N#C[C@@H]1C[C@@H]2C[C@@H]2N1C(=O)[C@@H](N)C12C[C@@H]3C[C@H](CC(O)(C3)C1)C2,no match,no match,0.21739130434782608,0,0,0,CLEAR
N#C[C@@H]1C[C@@H]2C[C@@H]2N1C(=O)[C@@H](N)C12C[C@H]3C[C@@H](CC(O)(C3)C1)C2,no match,no match,0.21739130434782608,0,0,0,CLEAR
CN[C@@]1(C)[C@H]2CC[C@@H](C2)C1(C)C,no match,no match,0.08333333333333333,0,0,0,CLEAR
CC#CC[C@@H](C)[C@@H](O)/C=C/[C@@H]1[C@@H](O)C[C@@H]2C/C(=C/CCCC(=O)OCC(=O)c3ccccc3)C[C@H]21,no match,no match,0.14285714285714285,0,0,0,CLEAR
CC#CC[C@H](C)[C@@H](O)/C=C/[C@@H]1[C@@H](O)C[C@@H]2C/C(=C/CCCC(=O)OCC(=O)c3ccccc3)C[C@H]21,no match,no match,0.14285714285714285,0,0,0,CLEAR
CC#CC[C@@H](C)[C@H](O)/C=C/[C@@H]1[C@@H](O)C[C@@H]2C/C(=C/CCCC(=O)OCC(=O)c3ccccc3)C[C@H]21,no match,no match,0.14285714285714285,0,0,0,CLEAR
CC#CC[C@H](C)[C@H](O)/C=C/[C@@H]1[C@@H](O)C[C@@H]2C/C(=C/CCCC(=O)OCC(=O)c3ccccc3)C[C@H]21,no match,no match,0.14285714285714285,0,0,0,CLEAR
NC[C@H]1CC[C@@H](C(=O)O)CC1,no match,no match,0.2727272727272727,0,0,0,CLEAR
Cc1ccc(/C(=C\CN2CCCC2)c2cccc(/C=C\C(=O)O)n2)cc1,no match,no match,0.15384615384615385,0,0,0,CLEAR
Cc1ccc(/C(=C/CN2CCCC2)c2cccc(/C=C\C(=O)O)n2)cc1,no match,no match,0.15384615384615385,0,0,0,CLEAR
CC(C)(NC(=O)C1=C(O)[C@@H]2Oc3c(O)ccc4c3[C@@]23CCN(CC2CC2)[C@H](C4)[C@]3(O)C1)c1nc(-c2ccccc2)no1,no match,no match,0.23809523809523808,0,0,0,CLEAR
CC(C)[C@@H]1CC[C@H](C(=O)N[C@H](Cc2ccccc2)C(=O)O)CC1,no match,no match,0.17391304347826086,0,0,0,CLEAR
O=C(O[C@@H]1C[C@@H]2C[C@H]3C[C@H](C1)N2CC3=O)c1c[nH]c2ccccc12,no match,no match,0.20833333333333334,0,0,0,CLEAR
CC(C)(C)[C@@H]1NC(=O)O[C@@H]2CCC[C@H]2OC/C=C/C(F)(F)c2nc3ccccc3nc2O[C@@H]2C[C@@H](C(=O)N[C@]3(C(=O)NS(=O)(=O)C4(C)CC4)C[C@H]3C(F)F)N(C2)C1=O,no match,no match,0.25862068965517243,0,0,0,CLEAR
CC[C@H]1[C@@H](C(=O)N[C@]2(C(=O)NS(=O)(=O)C3(C)CC3)C[C@H]2C(F)F)N2C[C@@H]1Oc1nc3cc(OC)ccc3nc1C(F)(F)CCCC[C@@H]1C[C@H]1OC(=O)N[C@@H](C(C)(C)C)C2=O,no match,no match,0.25,0,0,0,CLEAR
FS(F)(F)(F)(F)F,no match,no_oxygen_or_nitrogen,0.0,0,0,0,CLEAR
COCCCCC(=NOCCN)c1ccc(C(F)(F)F)cc1,no match,no match,0.18181818181818182,0,0,0,CLEAR
CCN(CC)CCS(=O)(=O)[C@@H]1CCN2C(=O)c3coc(n3)CC(=O)C[C@H](O)C=C(C)C=CCNC(=O)C=C[C@@H](C)[C@@H](C(C)C)OC(=O)[C@@H]12,no match,no match,0.2708333333333333,0,0,0,CLEAR
